,city_name,country,humidity,lat,loc_id,long,pressure,temp,temp_max,temp_min,visibility,weather_description,wind_speed
0,Pevek,RU,65,69.7,2122090,170.27,1023.42,-25.71,-25.71,-25.71,,clear sky,1.42
1,Vaini,IN,32,15.34,1273574,74.49,960.44,32.22,32.22,32.22,,clear sky,1.52
2,Nikolskoye,RU,84,59.7,546105,30.79,1011.0,-16.0,-16.0,-16.0,10000.0,clear sky,1.0
3,Slave Lake,CA,92,55.28,6149374,-114.77,1023.0,-15.0,-15.0,-15.0,14484.0,broken clouds,1.0
4,Dukat,RS,95,42.44,786562,22.31,905.88,-0.41,-0.41,-0.41,,overcast clouds,0.97
5,Buala,SB,91,-8.15,2109528,159.59,1008.67,28.25,28.25,28.25,,broken clouds,2.52
6,Busselton,AU,68,-33.64,2075265,115.35,1026.58,27.55,27.55,27.55,,clear sky,2.92
7,Moron,VE,96,10.49,3631878,-68.2,950.22,19.32,19.32,19.32,,overcast clouds,1.17
8,Oranjemund,ZA,99,-28.55,3354071,16.43,1024.8,16.82,16.82,16.82,,light rain,5.02
9,Kaitangata,NZ,100,-46.28,2208248,169.85,1006.56,15.87,15.87,15.87,,light rain,1.37
10,Aksha,RU,44,50.28,2028028,113.29,928.66,-12.46,-12.46,-12.46,,few clouds,5.22
11,Jamestown,AU,63,-33.21,2069194,138.6,973.97,19.5,19.5,19.5,,clear sky,5.67
12,Tsaratanana,MG,100,-16.8,1055059,47.65,968.95,21.35,21.35,21.35,,light rain,0.97
13,Lagoa,PT,87,37.14,2267254,-8.45,999.0,14.0,14.0,14.0,10000.0,scattered clouds,9.3
14,Ushuaia,AR,70,-54.81,3833367,-68.31,996.0,8.0,8.0,8.0,10000.0,few clouds,9.8
15,Pisco,PE,88,-13.71,3932145,-76.2,1011.0,20.0,20.0,20.0,10000.0,clear sky,1.5
16,Nehe,CN,79,48.48,2035610,124.88,1007.05,-9.96,-9.96,-9.96,,scattered clouds,5.17
17,Chernyakhovsk,RU,59,54.64,568595,21.81,1018.24,-16.71,-16.71,-16.71,,clear sky,3.12
18,Henties Bay,NA,96,-22.12,3356832,14.28,1011.59,17.55,17.55,17.55,,scattered clouds,1.87
19,Arraial do Cabo,BR,100,-22.97,3471451,-42.02,1020.1,24.55,24.55,24.55,,broken clouds,1.42
20,Elverum,NO,89,60.88,3158300,11.56,981.11,-10.96,-10.96,-10.96,,broken clouds,1.07
21,Bredasdorp,ZA,82,-34.53,1015776,20.04,1015.0,20.0,20.0,20.0,,broken clouds,2.1
22,Port Elizabeth,US,46,39.31,4501427,-74.98,1020.0,-0.67,0.0,-1.0,16093.0,clear sky,5.1
23,Yellowknife,CA,84,62.45,6185377,-114.38,1027.0,-13.0,-13.0,-13.0,24140.0,light snow,3.1
24,Zaragoza,ES,93,41.65,3104324,-0.88,993.0,5.87,7.0,5.0,7000.0,light rain,1.0
25,Torbay,CA,100,47.66,6167817,-52.73,1015.0,-1.0,-1.0,-1.0,9656.0,mist,9.8
26,Puerto Quijarro,BO,93,-19.0,3465342,-57.72,998.53,24.0,24.0,24.0,,clear sky,0.82
27,Porto Novo,BR,100,-23.68,6322184,-45.44,1012.0,22.0,22.0,22.0,4000.0,mist,1.0
28,Hermanus,ZA,90,-34.42,3366880,19.24,987.59,16.7,16.7,16.7,,few clouds,1.97
29,San Patricio,PY,94,-26.98,3437029,-56.83,1011.1,20.6,20.6,20.6,,clear sky,0.97
30,Orlovskiy,RU,93,46.87,514796,42.05,1011.5,-7.56,-7.56,-7.56,,scattered clouds,6.32
31,Mataura,NZ,80,-46.19,6201424,168.86,1009.07,16.6,16.6,16.6,,overcast clouds,4.12
32,Castro,CL,97,-42.48,3896218,-73.76,1023.26,6.32,6.32,6.32,,clear sky,1.17
33,Carnarvon,ZA,45,-30.97,1014034,22.13,874.19,16.25,16.25,16.25,,clear sky,1.42
34,San Pedro,AR,68,-33.68,3428576,-59.66,1021.23,21.6,21.6,21.6,,scattered clouds,0.42
35,Maua,KE,82,0.23,187231,37.94,878.97,21.07,21.07,21.07,,scattered clouds,1.32
36,Buzdyak,RU,91,54.57,570455,54.53,988.16,-4.11,-4.11,-4.11,,broken clouds,5.72
37,Roanne,FR,92,46.04,2983362,4.07,994.0,1.13,4.0,-2.0,5000.0,mist,1.0
38,Kodiak,US,81,39.95,4407665,-94.76,1009.0,12.0,12.0,12.0,16093.0,overcast clouds,7.2
39,Jingdezhen,CN,74,29.29,1805680,117.2,1022.86,12.75,12.75,12.75,,broken clouds,6.02
40,Verkhoyansk,RU,72,67.55,2013465,133.39,984.92,-24.11,-24.11,-24.11,,broken clouds,1.67
41,Kingaroy,AU,71,-26.54,2161376,151.84,973.73,26.47,26.47,26.47,,overcast clouds,4.62
42,Catacamas,HN,87,14.85,3601543,-85.89,942.6,13.4,13.4,13.4,,scattered clouds,0.87
43,Coquimbo,CL,87,-29.95,3893629,-71.34,1012.0,14.0,14.0,14.0,10000.0,clear sky,1.0
44,Pljevlja,ME,100,43.36,3193161,19.36,1002.0,-2.0,-2.0,-2.0,100.0,fog,1.5
45,Bluff,AU,36,-23.58,2175403,149.07,997.08,33.65,33.65,33.65,,scattered clouds,4.77
46,Harsum,DE,80,52.21,2910269,9.96,995.0,3.24,5.0,1.0,8000.0,mist,3.6
47,Guerrero Negro,MX,96,27.97,4021858,-114.04,1018.8,12.82,12.82,12.82,,few clouds,5.12
48,Santa Maria del Oro,MX,46,25.95,3984078,-105.37,807.48,8.7,8.7,8.7,,clear sky,2.22
49,Tessalit,ML,41,20.2,2449893,1.01,966.43,15.37,15.37,15.37,,clear sky,2.07
50,Thompson,CA,84,55.74,6165406,-97.86,1035.0,-17.0,-17.0,-17.0,24140.0,few clouds,4.1
51,Cape Town,ZA,77,-33.93,3369157,18.42,1011.0,20.0,20.0,20.0,10000.0,clear sky,8.7
52,Saint Anthony,US,92,43.97,5606187,-111.68,1020.0,-7.03,-6.0,-8.0,16093.0,light snow,3.6
53,Georgetown,GY,100,6.8,3378644,-58.16,1010.0,23.0,23.0,23.0,10000.0,scattered clouds,2.32
54,Albany,US,66,42.65,5106834,-73.75,1020.0,-1.33,0.0,-2.0,16093.0,overcast clouds,5.1
55,Carballo,ES,93,43.21,3126369,-8.69,988.0,5.48,6.0,5.0,10000.0,few clouds,3.6
56,Kamenka,RU,87,53.19,553725,44.05,981.76,-11.53,-11.53,-11.53,,broken clouds,4.72
57,Lac du Bonnet,CA,79,50.25,6014443,-96.06,1001.86,0.4,0.4,0.4,,broken clouds,9.67
58,Jalu,LY,27,29.03,86049,21.55,1010.45,20.47,20.47,20.47,,clear sky,6.77
59,San Cristobal,EC,93,-0.39,3652462,-78.55,1029.0,11.0,11.0,11.0,10000.0,broken clouds,0.5
60,Fort Portal,UG,83,0.66,233476,30.28,858.71,20.1,20.1,20.1,,scattered clouds,1.22
61,Saskylakh,RU,69,71.97,2017155,114.09,1022.61,-26.38,-26.38,-26.38,,few clouds,1.77
62,Moron,VE,96,10.49,3631878,-68.2,950.22,19.32,19.32,19.32,,overcast clouds,1.17
63,Tateyama,JP,93,36.66,1849876,137.31,1005.0,9.0,9.0,9.0,5000.0,light intensity shower rain,3.1
64,Hanzhong,CN,100,33.08,1808857,107.03,924.2,5.32,5.32,5.32,,light rain,1.52
65,Paita,PE,84,-5.09,3694112,-81.11,1008.67,21.47,21.47,21.47,,clear sky,1.17
66,Punta Arenas,CL,66,-53.16,3874787,-70.91,1003.0,10.0,10.0,10.0,10000.0,clear sky,10.3
67,Rawson,AR,45,-43.3,3839307,-65.11,1018.56,11.0,11.0,11.0,,clear sky,4.47
68,Tuktoyaktuk,CA,78,69.44,6170031,-133.03,1029.0,-10.58,-10.0,-11.0,16093.0,overcast clouds,6.7
69,New Norfolk,AU,51,-42.78,2155415,147.06,1019.0,17.0,17.0,17.0,10000.0,overcast clouds,5.7
70,Ordynskoye,RU,98,54.37,1496100,81.9,1014.43,-11.01,-11.01,-11.01,,few clouds,2.07
71,Balkanabat,TM,48,39.51,161616,54.36,980.05,17.22,17.22,17.22,,clear sky,1.77
72,Norman Wells,CA,84,65.28,6089245,-126.83,1033.0,-13.0,-13.0,-13.0,9656.0,light snow,3.1
73,Longyearbyen,NO,61,78.22,2729907,15.63,1030.0,-10.0,-10.0,-10.0,10000.0,few clouds,8.2
74,Natal,BR,94,-5.81,3394023,-35.21,1010.0,25.0,25.0,25.0,10000.0,few clouds,1.5
75,Port Lincoln,AU,82,-34.72,2063036,135.86,1032.66,19.85,19.85,19.85,,clear sky,7.02
76,Asuncion,PY,100,-25.3,3439389,-57.63,1009.0,20.0,20.0,20.0,10000.0,clear sky,2.07
77,Hobart,AU,51,-42.88,2163355,147.33,1019.0,17.0,17.0,17.0,10000.0,overcast clouds,5.7
78,Fortuna,ES,93,38.18,2517679,-1.13,997.0,10.51,12.0,9.0,10000.0,broken clouds,2.6
79,Poya,NC,99,-21.35,2138522,165.16,1014.75,26.32,26.32,26.32,,few clouds,7.77
80,Ixtapa,MX,94,20.71,4004293,-105.21,1014.0,20.0,20.0,20.0,19312.0,clear sky,0.77
81,Cururupu,BR,85,-1.82,3401148,-44.87,1020.34,26.2,26.2,26.2,,broken clouds,2.37
82,Fukue,JP,100,35.03,1848373,136.69,1003.0,13.0,13.0,13.0,2000.0,shower rain,4.6
83,Lompoc,US,70,34.64,5367788,-120.46,1024.0,7.36,10.0,4.0,16093.0,clear sky,5.67
84,Bilibino,RU,67,68.06,2126682,166.44,970.16,-18.71,-18.71,-18.71,,broken clouds,1.07
85,Dijkot,PK,89,31.22,1179834,73.0,1008.67,22.62,22.62,22.62,,clear sky,2.07
86,Saint-Pierre,FR,100,48.95,2995603,4.24,994.0,1.55,2.0,1.0,10000.0,clear sky,2.6
87,Les Cayes,HT,100,18.19,3728097,-73.75,1019.21,22.97,22.97,22.97,,clear sky,7.82
88,Butembo,CD,98,0.12,217562,29.29,867.22,18.07,18.07,18.07,,broken clouds,1.47
89,Srednekolymsk,RU,55,67.46,2121025,153.71,1020.59,-23.93,-23.93,-23.93,,overcast clouds,1.52
90,Kawambwa,ZM,98,-9.8,176555,29.07,909.37,20.25,20.25,20.25,,scattered clouds,1.52
91,Tucumcari,US,13,35.17,5495360,-103.73,1009.0,13.0,13.0,13.0,16093.0,clear sky,7.2
92,Anzio,IT,93,41.45,6542092,12.63,994.0,8.82,10.0,8.0,7000.0,light rain,2.6
93,Huarmey,PE,87,-10.07,3939168,-78.15,953.71,17.32,17.32,17.32,,few clouds,1.32
94,Murray,US,92,40.67,5778755,-111.89,1024.0,-1.01,2.0,-2.0,16093.0,overcast clouds,1.5
95,Barrow,AR,97,-38.31,3833859,-60.23,1014.26,18.72,18.72,18.72,,light rain,6.57
96,College Place,US,56,46.05,5790562,-118.39,1024.0,1.93,6.0,-3.0,16093.0,overcast clouds,5.1
97,Sitka,US,29,37.17,4267710,-99.65,943.33,14.9,14.9,14.9,,clear sky,6.77
98,Ondjiva,AO,98,-17.07,3346821,15.73,898.02,18.57,18.57,18.57,,moderate rain,3.92
99,Chuy,UY,97,-33.69,3443061,-53.46,1021.23,19.8,19.8,19.8,,clear sky,2.07
100,Changji,CN,71,32.07,1790885,116.17,1032.26,12.2,12.2,12.2,,clear sky,5.67
101,Arlit,NE,40,18.74,2447513,7.39,971.62,16.25,16.25,16.25,,clear sky,2.12
102,Akureyri,IS,92,65.68,2633274,-18.09,1020.0,-4.0,-4.0,-4.0,10000.0,overcast clouds,2.6
103,Bethel,US,100,60.79,5880568,-161.76,1026.0,-1.0,-1.0,-1.0,1207.0,mist,6.7
104,Hanover,DE,80,52.37,3221033,9.74,995.0,2.84,5.0,1.0,8000.0,mist,3.6
105,Kahului,US,83,20.89,5847411,-156.47,1015.0,20.35,22.0,19.0,16093.0,few clouds,7.7
106,Lebu,ET,72,8.96,344979,38.73,1027.0,16.0,16.0,16.0,10000.0,scattered clouds,2.1
107,Cabo San Lucas,MX,55,22.89,3985710,-109.91,1015.0,19.0,19.0,19.0,19312.0,clear sky,3.1
108,Coahuayana,MX,75,18.62,3981460,-100.35,902.15,15.15,15.15,15.15,,clear sky,0.87
109,Jardim,BR,92,-21.48,3460087,-56.15,982.89,23.15,23.15,23.15,,broken clouds,3.97
110,Tabou,CI,98,4.42,2281120,-7.36,1022.53,26.47,26.47,26.47,,overcast clouds,1.22
111,Bousse,FR,100,49.28,3030819,6.2,996.0,3.02,4.0,2.0,7000.0,mist,6.2
112,Kabanjahe,ID,87,3.1,1214965,98.49,911.72,23.55,23.55,23.55,,light rain,1.07
113,Namibe,AO,100,-15.19,3347019,12.15,1019.69,22.35,22.35,22.35,,broken clouds,1.97
114,Burns Lake,CA,75,54.23,5911745,-125.76,919.83,-14.61,-14.61,-14.61,,broken clouds,1.02
115,Khatanga,RU,81,71.98,2022572,102.47,1030.72,-24.86,-24.86,-24.86,,scattered clouds,5.02
116,Rome,IT,100,41.89,6539761,12.48,995.0,8.83,10.0,8.0,9000.0,light rain,4.6
117,Sola,FI,91,62.78,643453,29.36,1013.0,-17.0,-17.0,-17.0,10000.0,clear sky,2.92
118,Rio Grande,BR,97,-32.03,3451138,-52.1,1019.69,22.6,22.6,22.6,,clear sky,3.32
119,Qinhuangdao,CN,25,39.94,1797595,119.59,1005.91,3.1,3.1,3.1,,clear sky,1.52
120,Souillac,FR,81,45.6,3026644,-0.6,990.0,6.9,8.0,6.0,10000.0,clear sky,5.1
121,San Quintin,PH,62,17.54,1688687,120.52,1011.0,31.0,31.0,31.0,10000.0,scattered clouds,4.1
122,Chokurdakh,RU,34,70.62,2126123,147.9,1035.83,-30.38,-30.38,-30.38,,clear sky,3.67
123,Katsuura,JP,93,33.93,1865309,134.5,1002.0,18.0,18.0,18.0,10000.0,broken clouds,2.6
124,Saint-Philippe,CA,92,45.36,6138908,-73.48,1022.0,-1.0,-1.0,-1.0,14484.0,light shower snow,5.1
125,Batemans Bay,AU,95,-35.71,2176639,150.18,1007.29,17.97,17.97,17.97,,broken clouds,2.67
126,Mastic Beach,US,100,40.77,5126209,-72.85,1016.0,0.57,2.0,0.0,4828.0,light snow,7.2
127,Guinacutan,PH,100,14.17,1719846,122.89,1023.75,26.8,26.8,26.8,,broken clouds,3.22
128,Vegreville,CA,47,53.5,6173635,-112.05,955.49,-19.56,-19.56,-19.56,,scattered clouds,1.42
129,Savonlinna,FI,83,61.87,637293,28.88,1013.0,-21.0,-21.0,-21.0,10000.0,clear sky,0.5
130,Ilhabela,BR,100,-23.78,3461425,-45.36,1016.05,25.75,25.75,25.75,,broken clouds,2.22
131,Tiksi,RU,66,71.64,2015306,128.87,1014.43,-26.03,-26.03,-26.03,,broken clouds,3.97
132,Muisne,EC,100,0.61,3653967,-80.02,997.97,20.25,20.25,20.25,,broken clouds,1.32
133,Zhigansk,RU,58,66.77,2012530,123.37,1024.31,-24.38,-24.38,-24.38,,broken clouds,2.12
134,Ostrovnoy,RU,80,68.05,556268,39.51,999.43,-15.66,-15.66,-15.66,,few clouds,4.72
135,Cranbrook,CA,92,49.51,5931800,-115.76,1019.0,-7.0,-7.0,-7.0,40233.0,few clouds,0.62
136,Sehithwa,BW,98,-20.47,933109,22.7,915.2,20.55,20.55,20.55,,clear sky,3.07
137,Muravlenko,RU,93,63.79,1540711,74.5,1015.07,-11.16,-11.16,-11.16,,broken clouds,3.87
138,Praia,BR,100,-20.25,3460954,-43.81,903.61,18.85,18.85,18.85,,moderate rain,1.02
139,Nara,JP,93,34.68,1855612,135.8,1002.0,16.49,18.0,16.0,4000.0,shower rain,0.5
140,Pangnirtung,CA,85,66.15,6096551,-65.72,1034.04,-16.01,-16.01,-16.01,,scattered clouds,2.67
141,Westport,IE,100,53.8,2960970,-9.52,987.43,0.95,0.95,0.95,,few clouds,1.67
142,Neryungri,RU,39,56.66,2019309,124.71,912.04,-21.11,-21.11,-21.11,,scattered clouds,5.12
143,Baguanos,CU,87,20.75,3746938,-76.03,1015.0,13.0,13.0,13.0,10000.0,clear sky,0.5
144,Cloquet,US,51,46.72,5021632,-92.46,1023.0,1.28,2.0,1.0,16093.0,overcast clouds,3.6
145,Sabha,LY,32,27.03,2212775,14.43,971.46,14.4,14.4,14.4,,clear sky,4.32
146,Morro Bay,US,83,35.37,5374920,-120.85,1024.0,8.32,10.0,6.0,16093.0,clear sky,3.1
147,Poum,MK,98,41.28,787487,20.71,895.51,1.05,1.05,1.05,,light rain,0.72
148,Mar del Plata,AR,63,-46.43,3863379,-67.52,1006.56,13.35,13.35,13.35,,few clouds,6.82
149,Payson,US,74,40.04,5779548,-111.73,1024.0,-2.0,-2.0,-2.0,16093.0,broken clouds,3.1
150,Xining,CN,49,36.62,1788852,101.77,744.01,3.3,3.3,3.3,,overcast clouds,1.22
151,Almaznyy,RU,86,48.03,582447,40.04,998.7,-10.28,-10.28,-10.28,,clear sky,5.52
152,Aksu,KZ,78,52.04,1524298,76.93,1021.0,-11.0,-11.0,-11.0,10000.0,few clouds,3.0
153,Nokaneng,BW,100,-19.66,933211,22.19,916.75,20.22,20.22,20.22,,few clouds,3.32
154,Eyl,SO,87,7.98,60019,49.82,1016.29,25.97,25.97,25.97,,scattered clouds,7.32
155,Shieli,KZ,82,44.18,1524801,66.74,1012.48,7.55,7.55,7.55,,scattered clouds,2.37
156,Karratha,AU,28,-20.74,6620339,116.85,1006.4,39.65,39.65,39.65,,clear sky,3.22
157,Ushtobe,KZ,86,45.25,1517637,77.98,966.76,7.8,7.8,7.8,,clear sky,2.22
158,Svetlogorsk,RU,78,53.14,584051,59.15,1007.0,-12.0,-12.0,-12.0,1600.0,snow,4.0
159,Hovd,NO,72,63.83,7626384,10.7,1006.0,-8.48,-8.0,-9.0,10000.0,scattered clouds,4.1
160,Axim,GH,100,4.87,2303611,-2.24,1020.75,27.05,27.05,27.05,,clear sky,4.22
161,Nyanza,RW,100,-2.35,7062967,29.75,1021.0,16.0,16.0,16.0,8000.0,broken clouds,1.67
162,Beloha,MG,77,-25.17,1067565,45.06,1006.07,26.65,26.65,26.65,,light rain,7.92
163,Kota Belud,MY,70,6.35,1736660,116.43,1007.0,33.0,33.0,33.0,10000.0,broken clouds,1.0
164,Kota Kinabalu,MY,70,5.98,1733432,116.07,1007.0,33.0,33.0,33.0,10000.0,broken clouds,1.0
165,Toma,JP,79,43.82,2130629,142.6,1013.0,-3.0,-3.0,-3.0,8000.0,light shower snow,3.1
166,Madras,US,74,44.63,5738690,-121.13,1024.0,-1.0,-1.0,-1.0,16093.0,clear sky,1.47
167,Mount Gambier,AU,51,-37.83,2156643,140.78,1027.31,19.85,19.85,19.85,,clear sky,3.12
168,Narsaq,GL,73,60.91,3421719,-46.05,1023.0,-5.0,-5.0,-5.0,,scattered clouds,2.6
169,Faya,SA,77,18.39,110690,42.45,1024.0,16.0,16.0,16.0,10000.0,clear sky,1.5
170,Great Falls,US,78,47.5,5655240,-111.29,1018.0,-11.77,-11.0,-13.0,16093.0,broken clouds,1.32
171,Victoria,BN,74,5.28,1733782,115.24,1007.0,31.56,32.0,31.0,10000.0,broken clouds,2.1
172,Hilo,US,78,19.71,5855927,-155.08,1017.0,15.98,22.0,11.0,16093.0,scattered clouds,2.1
173,Jumla,NP,95,29.28,1283285,82.18,680.78,-0.21,-0.21,-0.21,,overcast clouds,0.97
174,La Ronge,CA,85,55.1,6050066,-105.3,1028.0,-10.0,-10.0,-10.0,2414.0,light snow,5.1
175,Pouembout,NC,81,-21.12,2138592,164.9,989.05,25.7,25.7,25.7,,light rain,0.87
176,Airai,TL,84,-8.93,1651810,125.41,944.14,25.15,25.15,25.15,,moderate rain,0.87
177,Camabatela,AO,90,-8.19,2242885,15.37,899.56,16.15,16.15,16.15,,few clouds,1.42
178,Mount Isa,AU,52,-20.73,2065594,139.49,1005.0,32.0,32.0,32.0,10000.0,scattered clouds,8.7
179,Nyurba,RU,54,63.29,2018735,118.35,1012.23,-20.53,-20.53,-20.53,,scattered clouds,1.82
180,Saint George,GR,87,39.45,262462,22.34,1005.0,13.0,13.0,13.0,5000.0,mist,6.7
181,Chiusi,IT,93,43.02,3178754,11.95,997.0,7.54,8.0,7.0,8000.0,light rain,5.1
182,Ponta do Sol,BR,97,-20.63,3453439,-46.0,921.45,19.32,19.32,19.32,,light rain,1.32
183,Iqaluit,CA,76,63.75,5983720,-68.52,1042.0,-21.0,-21.0,-21.0,24140.0,clear sky,8.7
184,Boyuibe,BO,92,-20.43,3923015,-63.28,947.3,20.9,20.9,20.9,,scattered clouds,1.17
185,Tuckahoe,US,34,37.59,4790207,-77.56,1022.0,3.39,4.0,2.0,16093.0,clear sky,1.5
186,Kununurra,AU,44,-15.77,2068110,128.74,1005.0,36.0,36.0,36.0,10000.0,scattered clouds,1.5
187,Iisalmi,FI,84,63.56,656820,27.19,1014.0,-18.0,-18.0,-18.0,10000.0,clear sky,1.92
188,Ambulu,ID,100,-8.35,1621313,113.61,1011.34,28.15,28.15,28.15,,light rain,2.77
189,Santa Margherita Ligure,IT,100,44.33,3167595,9.21,999.0,3.04,6.0,0.0,100.0,fog,3.92
190,Cidreira,BR,91,-30.17,3466165,-50.22,1011.59,22.55,22.55,22.55,,overcast clouds,3.47
191,Constitucion,MX,51,23.99,4011743,-104.67,818.58,10.97,10.97,10.97,,clear sky,2.97
192,Tshikapa,CD,99,-6.42,204953,20.79,955.98,20.65,20.65,20.65,,broken clouds,1.42
193,Burnie,AU,97,-41.05,2173125,145.91,1030.72,18.4,18.4,18.4,,clear sky,5.82
194,Hamilton,BM,67,32.3,3573197,-64.78,995.0,16.0,16.0,16.0,10000.0,shower rain,12.9
195,Waddan,LY,34,29.16,2209055,16.14,973.24,14.87,14.87,14.87,,clear sky,3.57
196,Abu Samrah,SY,68,35.3,172515,37.18,978.19,14.07,14.07,14.07,,clear sky,2.52
197,Alamosa,US,38,37.47,5411479,-105.87,1015.0,-7.1,-4.0,-10.0,16093.0,broken clouds,6.57
198,Codrington,AU,100,-28.95,2160063,153.24,999.35,21.4,21.4,21.4,,light rain,1.47
199,Half Moon Bay,US,81,37.46,5354943,-122.43,1026.0,7.5,9.0,6.0,16093.0,clear sky,2.6
200,Black River,JM,64,18.03,3491355,-77.85,1013.0,24.0,24.0,24.0,10000.0,scattered clouds,8.2
201,Gornopravdinsk,RU,79,60.06,1506268,69.92,1019.21,-8.96,-8.96,-8.96,,overcast clouds,4.07
202,Salalah,OM,41,17.01,286621,54.1,1016.0,25.0,25.0,25.0,10000.0,clear sky,1.5
203,Westport,IE,100,53.8,2960970,-9.52,987.43,0.95,0.95,0.95,,few clouds,1.67
204,Khani,GE,93,41.96,610864,42.96,1010.0,10.0,10.0,10.0,4700.0,light intensity shower rain,10.3
205,Arti,RU,87,56.43,580783,58.53,975.51,-6.41,-6.41,-6.41,,broken clouds,3.87
206,Talnakh,RU,69,69.49,1490256,88.39,1015.15,-23.31,-23.31,-23.31,,scattered clouds,2.32
207,Port Hedland,AU,39,-20.31,2063042,118.58,1006.0,37.0,37.0,37.0,10000.0,clear sky,6.2
208,Colac,AU,57,-38.34,2171069,143.59,1016.94,18.57,18.57,18.57,,few clouds,2.42
209,Manono,CD,100,-7.3,209598,27.4,954.84,20.5,20.5,20.5,,scattered clouds,2.07
210,Kitui,KE,86,-1.37,191038,38.02,895.51,22.0,22.0,22.0,,few clouds,1.82
211,Sinnamary,GF,100,5.38,3380290,-52.96,1021.4,25.5,25.5,25.5,,light rain,3.17
212,Ulladulla,AU,100,-35.36,2145554,150.48,1016.0,18.0,18.0,18.0,5000.0,light intensity drizzle,5.1
213,Anadyr,RU,92,64.73,2127202,177.51,1005.0,-5.0,-5.0,-5.0,,fog,4.0
214,Flinders,AU,100,-34.58,6255012,150.85,1016.0,18.0,18.0,18.0,5000.0,light intensity drizzle,5.1
215,Dunedin,NZ,93,-45.87,2191562,170.5,983.54,16.2,16.2,16.2,,broken clouds,1.82
216,Gravdal,NO,46,59.79,3147822,5.78,1000.0,-1.46,-1.0,-2.0,10000.0,clear sky,3.1
217,Nalut,LY,54,31.86,2214433,10.98,964.41,13.7,13.7,13.7,,clear sky,2.42
218,Bonavista,CA,94,48.65,5905393,-53.11,1031.12,0.5,0.5,0.5,,overcast clouds,10.07
219,Lavrentiya,RU,92,65.58,4031637,-170.99,1020.5,-1.51,-1.51,-1.51,,scattered clouds,6.82
220,Ulaangom,MN,81,49.98,1515029,92.07,815.91,-9.86,-9.86,-9.86,,scattered clouds,0.82
221,Makakilo City,US,78,21.35,5850554,-158.09,1016.0,22.01,24.0,20.0,16093.0,clear sky,2.1
222,Mezhdurechensk,RU,69,53.69,1498920,88.07,966.27,-7.93,-7.93,-7.93,,scattered clouds,1.42
223,Aklavik,CA,85,68.22,5882953,-135.01,1030.0,-11.0,-11.0,-11.0,24140.0,scattered clouds,3.6
224,Emerald,AU,58,-23.53,2167426,148.16,997.56,30.57,30.57,30.57,,light rain,2.77
225,Obanazawa,JP,100,38.6,2111559,140.43,1009.0,5.03,6.0,4.0,3000.0,shower rain,2.6
226,Xai-Xai,MZ,93,-25.04,1024552,33.64,1023.67,27.0,27.0,27.0,,scattered clouds,2.92
227,Dingle,PH,52,11.0,1714733,122.67,1002.51,31.9,31.9,31.9,,clear sky,5.57
228,Umm Lajj,SA,70,25.02,100926,37.27,1013.37,22.05,22.05,22.05,,clear sky,1.32
229,Bilma,NE,38,18.69,2446796,12.92,966.68,14.1,14.1,14.1,,clear sky,1.02
230,Mon,IN,88,26.73,1262824,95.03,1005.26,20.8,20.8,20.8,,scattered clouds,2.12
231,Shahr-e Babak,IR,38,30.12,115781,55.12,825.71,11.7,11.7,11.7,,few clouds,2.32
232,Sokoni,CD,99,-12.89,901344,28.78,889.1,17.65,17.65,17.65,,light rain,1.52
233,Eenhana,NA,98,-17.48,3357804,16.34,898.99,19.07,19.07,19.07,,moderate rain,4.12
234,Bela,PK,23,26.23,1182998,66.31,959.3,27.75,27.75,27.75,,clear sky,1.32
235,Villa Nueva,GT,77,14.53,3587902,-90.59,1025.0,15.0,15.0,15.0,10000.0,clear sky,5.1
236,Nakamura,JP,100,35.17,1856057,136.87,1003.0,13.0,13.0,13.0,4500.0,shower rain,0.5
237,Griffith,AU,53,-34.29,2164422,146.06,1012.88,24.07,24.07,24.07,,clear sky,5.42
238,Rimbey,CA,76,52.64,6122374,-114.24,1021.0,-23.0,-23.0,-23.0,24140.0,clear sky,2.6
239,Dillon,US,92,45.22,5648657,-112.64,1018.0,-12.0,-12.0,-12.0,16093.0,few clouds,4.1
240,Saldanha,PT,97,41.42,2737599,-6.55,928.17,5.87,5.87,5.87,,light rain,5.62
241,Derzhavinsk,KZ,96,51.1,1524606,66.31,996.83,-7.41,-7.41,-7.41,,broken clouds,3.47
242,Springfield,US,93,37.22,4409896,-93.29,1011.0,9.0,9.0,9.0,16093.0,overcast clouds,10.8
243,Aksay,RU,85,47.27,583673,39.86,1013.37,-9.16,-9.16,-9.16,,clear sky,5.67
244,Tuatapere,NZ,92,-46.13,2180815,167.69,998.86,16.05,16.05,16.05,,few clouds,2.77
245,Contamana,PE,79,-7.35,3697838,-75.01,997.32,25.7,25.7,25.7,,few clouds,1.07
246,Igrim,RU,86,63.19,1505965,64.42,1016.78,-10.96,-10.96,-10.96,,broken clouds,1.77
247,San Vicente,SV,83,13.64,3583178,-88.78,1016.0,22.0,23.0,21.0,10000.0,clear sky,1.0
248,Mattawa,CA,66,46.32,6067959,-78.7,1028.0,-10.0,-10.0,-10.0,14484.0,clear sky,5.1
249,Wisconsin Rapids,US,55,44.39,5279436,-89.82,1025.0,0.25,2.0,-1.0,16093.0,clear sky,5.1
250,Flin Flon,CA,76,54.77,5954718,-101.88,1004.37,-8.61,-8.61,-8.61,,overcast clouds,4.42
251,Zyryanka,RU,66,65.73,2119283,150.89,1022.77,-22.66,-22.66,-22.66,,broken clouds,2.02
252,Bonthe,SL,99,7.53,2409914,-12.5,1020.83,23.82,23.82,23.82,,few clouds,1.27
253,Esso,RU,80,55.93,2125711,158.7,881.32,-10.11,-10.11,-10.11,,broken clouds,0.92
254,Altamira,BR,94,-3.2,3407882,-52.21,1012.64,24.05,24.05,24.05,,broken clouds,1.62
255,Marsh Harbour,BS,100,26.54,3571913,-77.06,1028.61,20.72,20.72,20.72,,scattered clouds,9.17
256,Chicama,PE,93,-7.84,3698359,-79.15,1011.0,19.0,19.0,19.0,6000.0,scattered clouds,3.6
257,Ponta do Sol,BR,97,-20.63,3453439,-46.0,921.45,19.32,19.32,19.32,,light rain,1.32
258,Quelimane,MZ,94,-17.88,1028434,36.89,1008.0,26.0,26.0,26.0,10000.0,scattered clouds,4.6
259,Belmonte,PT,98,40.36,8010472,-7.35,936.6,6.75,6.75,6.75,,moderate rain,4.52
260,Goba,ET,93,7.01,336350,39.97,786.81,15.05,15.05,15.05,,broken clouds,1.62
261,Christchurch,NZ,77,-43.53,2192362,172.64,1009.0,20.0,20.0,20.0,10000.0,broken clouds,5.1
262,Hervey Bay,AU,100,-25.3,2146219,152.85,1021.4,25.35,25.35,25.35,,light rain,3.47
263,Sonoita,US,49,31.68,5313135,-110.66,1020.0,9.55,12.0,7.0,16093.0,clear sky,5.1
264,Coruripe,BR,99,-10.12,3465329,-36.18,1021.72,26.9,26.9,26.9,,overcast clouds,3.87
265,Navalagunda,IN,31,15.56,1261800,75.35,956.87,32.15,32.15,32.15,,clear sky,2.32
266,Roebourne,AU,28,-20.77,2062276,117.15,1006.4,39.65,39.65,39.65,,clear sky,3.22
267,Calabozo,VE,63,8.92,3647444,-67.43,1008.34,26.8,26.8,26.8,,clear sky,4.32
268,Harper,US,82,30.3,4696310,-99.24,1014.0,19.65,20.0,19.0,16093.0,overcast clouds,4.6
269,Moscow,US,79,46.73,5601538,-117.0,1023.0,2.12,4.0,0.0,16093.0,overcast clouds,1.5
270,Mehamn,NO,92,71.03,778707,27.85,1015.0,-5.0,-5.0,-5.0,10000.0,broken clouds,7.2
271,Zaraza,VE,85,9.35,3625066,-65.33,1012.4,23.97,23.97,23.97,,clear sky,4.02
272,Fort Walton Beach,US,71,30.41,4156042,-86.62,1021.0,12.66,15.0,11.0,16093.0,broken clouds,3.22
273,Atambua,ID,100,-9.11,1651103,124.89,997.97,27.62,27.62,27.62,,scattered clouds,3.17
274,Bacabal,BR,99,-4.23,3406910,-44.78,1015.32,22.62,22.62,22.62,,moderate rain,1.87
275,Hay River,CA,84,60.82,5972762,-115.79,1025.0,-14.0,-14.0,-14.0,24140.0,broken clouds,1.5
276,Kimberley,ZA,53,-28.74,990930,24.76,1016.0,23.0,23.0,23.0,10000.0,clear sky,4.1
277,Grosuplje,SI,92,45.96,3199523,14.66,1003.0,-0.29,0.0,-1.0,4000.0,mist,1.0
278,Saint-Joseph,FR,87,43.56,3037456,6.97,997.0,7.52,8.0,7.0,10000.0,overcast clouds,2.6
279,Kailua,US,64,21.39,5847486,-157.74,1016.0,21.99,24.0,20.0,16093.0,broken clouds,3.6
280,Juli,PE,100,-16.21,3937516,-69.46,639.76,1.22,1.22,1.22,,scattered clouds,0.77
281,Wagar,US,57,31.44,4069458,-87.99,1027.72,13.37,13.37,13.37,,scattered clouds,1.77
282,Novopokrovka,RU,51,45.85,2018888,134.51,1003.88,-8.88,-8.88,-8.88,,scattered clouds,3.02
283,Sioux Lookout,CA,53,50.1,6148373,-91.92,1027.0,-2.43,-2.0,-3.0,24140.0,overcast clouds,4.1
284,Remanso,BR,100,-9.62,3408064,-42.08,970.33,23.35,23.35,23.35,,clear sky,2.67
285,Pindushi,RU,57,62.92,509487,34.58,1013.13,-18.51,-18.51,-18.51,,clear sky,1.72
286,Melfi,IT,93,41.0,3173615,15.66,995.0,7.21,11.0,3.0,50.0,fog,5.7
287,Provideniya,RU,92,64.42,4031574,-173.23,1009.0,-1.0,-1.0,-1.0,10000.0,overcast clouds,6.0
288,Turukhansk,RU,56,65.8,1488903,87.96,1020.99,-18.31,-18.31,-18.31,,broken clouds,6.92
289,Pasighat,IN,80,28.06,1260206,95.33,930.53,17.72,17.72,17.72,,light rain,0.77
290,Vao,EE,91,59.1,588365,26.19,1017.34,-11.71,-11.71,-11.71,,broken clouds,1.97
291,Saurimo,AO,87,-9.66,145531,20.4,908.56,18.2,18.2,18.2,,clear sky,1.17
292,Dakar,SN,84,14.69,2253354,-17.45,1023.5,18.72,18.72,18.72,,clear sky,9.77
293,Comodoro Rivadavia,AR,47,-45.87,3860443,-67.48,1016.0,15.0,15.0,15.0,10000.0,clear sky,8.2
294,Matara,PE,100,-13.74,3948642,-72.9,670.81,5.82,5.82,5.82,,light rain,0.92
295,Cayenne,GF,94,4.94,3382160,-52.33,1010.0,25.0,25.0,25.0,10000.0,broken clouds,1.52
296,Dom Pedrito,BR,76,-30.98,3464547,-54.67,999.75,21.22,21.22,21.22,,few clouds,1.67
297,Padang,ID,100,-0.92,1633419,100.36,1018.07,27.37,27.37,27.37,,scattered clouds,2.42
298,Boguchany,RU,52,58.38,1509844,97.46,1006.8,-13.53,-13.53,-13.53,,clear sky,1.57
299,San Luis,AR,42,-33.3,3837056,-66.34,967.65,20.9,20.9,20.9,,clear sky,7.02
300,Calmar,CA,76,53.27,5913601,-113.81,1022.0,-18.77,-16.0,-22.0,24140.0,broken clouds,1.0
301,Nguru,NG,39,12.88,2328952,10.45,984.02,15.3,15.3,15.3,,clear sky,1.97
302,Vidim,CZ,79,50.47,3070862,14.53,1002.0,-2.51,-2.0,-3.0,5000.0,mist,2.1
303,Namatanai,PG,94,-3.66,2090021,152.44,1012.88,29.55,29.55,29.55,,light rain,4.82
304,Northam,GB,86,51.04,2641434,-4.21,986.0,5.0,5.0,5.0,10000.0,light rain,2.1
305,Florence,US,57,34.8,4062577,-87.68,1019.0,11.76,14.0,11.0,16093.0,clear sky,2.1
306,Bend,US,80,44.06,5713587,-121.32,1025.0,-1.0,-1.0,-1.0,16093.0,clear sky,1.92
307,Marawi,PH,48,8.0,1701054,124.29,934.34,30.2,30.2,30.2,,scattered clouds,0.92
308,Bom Sucesso,BR,99,-21.03,3469374,-44.76,917.47,19.57,19.57,19.57,,moderate rain,1.97
309,Tura,IN,62,25.52,1254046,90.21,1013.29,26.9,26.9,26.9,,few clouds,1.17
310,Jasper,US,87,33.83,4069659,-87.28,1019.0,12.12,14.0,9.0,16093.0,clear sky,1.12
311,Saint-Augustin,FR,76,44.83,3031582,-0.61,990.0,9.0,9.0,9.0,10000.0,clear sky,4.6
312,Portland,US,70,45.52,5746545,-122.67,1027.0,6.24,8.0,4.0,16093.0,light rain,2.1
313,Paramonga,PE,97,-10.68,3933024,-77.82,1019.69,18.82,18.82,18.82,,broken clouds,4.02
314,Koygorodok,RU,81,60.44,543396,51.01,992.62,-10.51,-10.51,-10.51,,broken clouds,1.77
315,Bulawayo,ZW,93,-20.16,894701,28.59,1019.0,18.0,18.0,18.0,10000.0,broken clouds,1.0
316,Vila Velha,BR,88,-3.71,6320062,-38.6,1009.0,26.0,26.0,26.0,10000.0,few clouds,2.6
317,Watertown,US,86,44.9,5232741,-97.12,1006.0,3.62,4.0,3.0,6437.0,thunderstorm with rain,5.7
318,Ritchie,ZA,53,-29.03,961226,24.6,1016.0,23.0,23.0,23.0,10000.0,clear sky,4.1
319,Esperance,TT,94,10.24,3573739,-61.45,1010.0,25.0,25.0,25.0,10000.0,few clouds,2.32
320,Dawlatabad,AF,48,36.41,1142226,64.91,971.38,19.35,19.35,19.35,,few clouds,2.47
321,Juegang,CN,85,32.31,1804979,121.18,1035.91,7.87,7.87,7.87,,few clouds,11.87
322,Cabedelo,BR,96,-6.97,3404558,-34.84,1020.5,26.8,26.8,26.8,,overcast clouds,3.97
323,Ukiah,US,86,39.15,5404476,-123.21,1027.0,4.0,4.0,4.0,16093.0,clear sky,0.92
324,Gorom-Gorom,BF,62,14.45,2360372,-0.24,990.19,20.25,20.25,20.25,,clear sky,1.67
325,Valkenswaard,NL,93,51.35,2745860,5.46,994.0,3.57,5.0,3.0,10000.0,clear sky,5.1
326,Forestville,CA,92,48.74,6944112,-69.09,1026.0,-1.0,-1.0,-1.0,24140.0,overcast clouds,5.1
327,Dashitou,CN,55,43.3,2037820,128.5,961.98,-9.16,-9.16,-9.16,,clear sky,5.37
328,Lourdes,SV,83,13.73,3583361,-89.37,1016.0,23.39,26.0,21.0,10000.0,clear sky,1.0
329,Muros,ES,100,42.77,3115824,-9.06,988.0,5.0,5.0,5.0,10000.0,broken clouds,2.1
330,Rincon,US,91,32.3,4218882,-81.24,1022.0,4.0,6.0,2.0,16093.0,haze,2.07
331,Kaifeng,CN,22,34.8,1804879,114.35,1028.0,8.0,8.0,8.0,10000.0,clear sky,5.0
332,Guane,CU,71,22.2,3557758,-84.09,1024.07,16.75,16.75,16.75,,clear sky,2.67
333,Mana,RS,85,43.52,789988,20.24,1006.0,-0.57,1.0,-2.0,3000.0,mist,0.5
334,Bolzano,IT,80,45.97,3175985,13.39,1001.0,4.0,6.0,3.0,10000.0,mist,1.5
335,Ziro,IN,88,27.54,1252668,93.82,1013.0,20.0,20.0,20.0,4000.0,mist,2.1
336,Broome,GB,100,52.47,2656067,1.45,989.0,3.0,3.0,3.0,8000.0,mist,4.1
337,Kamakwie,SL,89,9.5,2408154,-12.24,998.05,22.37,22.37,22.37,,clear sky,2.72
338,Batagay,RU,58,67.65,2027044,134.64,996.02,-24.68,-24.68,-24.68,,broken clouds,1.92
339,Sri Aman,MY,70,1.24,1735799,111.46,1008.0,31.0,31.0,31.0,10000.0,broken clouds,2.6
340,Mumbwa,ZM,99,-14.99,904422,27.06,893.81,18.3,18.3,18.3,,light rain,2.02
341,Vilhena,BR,93,-12.74,3924679,-60.15,963.52,22.72,22.72,22.72,,few clouds,0.82
342,Lata,IN,100,30.78,1253628,78.62,785.02,8.2,8.2,8.2,,light rain,0.97
343,Nhulunbuy,AU,74,-12.18,2064735,136.78,1004.0,29.0,29.0,29.0,10000.0,thunderstorm,6.7
344,Kiunga,PG,48,-6.12,2093846,141.3,1005.26,34.75,34.75,34.75,,clear sky,1.32
345,Beyneu,KZ,88,45.32,610298,55.19,1012.4,1.85,1.85,1.85,,broken clouds,6.37
346,Hunchun,CN,52,42.86,2036653,130.36,1005.51,-4.56,-4.56,-4.56,,clear sky,4.82
347,Nabire,ID,77,-3.36,1634614,135.5,943.74,27.0,27.0,27.0,,light rain,1.22
348,Yumen,CN,76,40.29,1528998,97.04,850.36,8.15,8.15,8.15,,clear sky,1.42
349,Fairmont,US,87,40.64,5068953,-97.59,1002.0,12.0,12.0,12.0,16093.0,few clouds,6.7
350,Sadovoye,RU,95,47.78,499535,44.52,1007.69,-6.66,-6.66,-6.66,,clear sky,7.77
351,Chulman,RU,48,56.84,2025261,124.9,929.96,-20.16,-20.16,-20.16,,scattered clouds,3.42
352,Nioro,GM,47,13.79,2413070,-15.05,1019.69,25.2,25.2,25.2,,scattered clouds,1.62
353,Fallon,US,85,46.84,5681948,-105.12,1009.0,-6.0,-6.0,-6.0,16093.0,overcast clouds,12.9
354,Takoradi,GH,100,4.89,2294915,-1.75,1020.1,25.82,25.82,25.82,,clear sky,3.17
355,Nadym,RU,83,65.53,1498087,72.51,1023.02,-14.61,-14.61,-14.61,,few clouds,3.22
356,Siatista,GR,87,40.26,734315,21.55,1006.0,7.0,7.0,7.0,10000.0,scattered clouds,2.1
357,Lokosovo,RU,82,61.13,1500399,74.84,1025.53,-9.38,-9.38,-9.38,,overcast clouds,4.72
358,Evensk,RU,100,61.92,2125693,159.24,1010.21,-7.38,-7.38,-7.38,,scattered clouds,6.17
359,Badou,TG,92,7.58,2367660,0.61,977.7,19.62,19.62,19.62,,clear sky,2.12
360,Pacific Grove,US,81,36.62,5380437,-121.92,1026.0,6.26,7.0,6.0,16093.0,clear sky,3.1
361,Mogadishu,SO,78,2.04,53654,45.34,1011.0,28.0,28.0,28.0,10000.0,broken clouds,2.6
362,Constitucion,MX,51,23.99,4011743,-104.67,818.58,10.97,10.97,10.97,,clear sky,2.97
363,La Primavera,AR,53,-32.92,3844421,-68.67,1015.0,22.0,22.0,22.0,10000.0,scattered clouds,5.1
364,Poronaysk,RU,85,49.22,2121909,143.1,989.7,-8.68,-8.68,-8.68,,broken clouds,1.52
365,Douglas,US,68,58.28,5554072,-134.39,1026.0,-5.11,-4.0,-6.0,16093.0,clear sky,1.32
366,Mazamari,PE,92,-11.33,3935102,-74.53,898.75,19.05,19.05,19.05,,scattered clouds,0.92
367,Morgan City,US,77,29.7,4333811,-91.21,1018.0,15.35,17.0,13.0,16093.0,clear sky,2.1
368,Verkhnevilyuysk,RU,54,63.45,2013639,120.31,1016.78,-20.53,-20.53,-20.53,,clear sky,1.87
369,Alegrete,BR,93,-29.79,3472638,-55.79,1006.15,17.97,17.97,17.97,,clear sky,1.12
370,San Ramon,NI,84,12.92,3616584,-85.84,933.36,18.6,18.6,18.6,,broken clouds,1.07
371,Mocuba,MZ,99,-16.84,1024312,36.99,1002.99,24.8,24.8,24.8,,scattered clouds,2.77
372,Okhotsk,RU,87,59.36,2122605,143.24,1008.67,-6.66,-6.66,-6.66,,broken clouds,2.77
373,Tulu Bolo,ET,87,8.66,327234,38.21,769.7,13.9,13.9,13.9,,light rain,1.42
374,Kulu,CD,98,3.47,206362,23.69,967.16,21.32,21.32,21.32,,overcast clouds,1.32
375,Hefei,CN,40,31.82,1808722,117.22,1025.0,11.0,11.0,11.0,10000.0,clear sky,6.0
376,Chiquilistlan,MX,89,20.09,3982461,-103.86,850.11,11.87,11.87,11.87,,clear sky,0.62
377,Angoche,MZ,100,-16.23,1052944,39.91,1020.59,27.55,27.55,27.55,,broken clouds,5.37
378,Ahipara,NZ,88,-35.17,2194098,173.16,1009.56,22.12,22.12,22.12,,light rain,3.12
379,Moron,VE,96,10.49,3631878,-68.2,950.22,19.32,19.32,19.32,,overcast clouds,1.17
380,Tekeli,KZ,95,44.86,1518296,78.76,910.83,4.2,4.2,4.2,,clear sky,2.42
381,Zhezkazgan,KZ,92,47.8,1516589,67.71,1018.0,-5.0,-5.0,-5.0,10000.0,overcast clouds,5.0
382,Pitlochry,GB,100,56.7,2640255,-3.73,988.0,4.0,4.0,4.0,2000.0,moderate rain,5.7
383,Suntar,RU,62,62.16,2015913,117.65,1013.37,-19.53,-19.53,-19.53,,scattered clouds,2.82
384,Juazeiro,BR,86,-9.43,3397154,-40.51,967.16,20.2,20.2,20.2,,clear sky,2.42
385,Bhabua,IN,73,25.04,1276371,83.61,1016.94,23.32,23.32,23.32,,overcast clouds,3.82
386,San Esteban,CL,55,-32.8,3872255,-70.58,1014.0,18.0,18.0,18.0,10000.0,clear sky,1.5
387,Selenginsk,RU,58,52.01,2017059,106.87,1031.0,-21.0,-21.0,-21.0,10000.0,clear sky,2.0
388,Wilmington,US,46,39.75,4145381,-75.55,1021.0,-1.13,0.0,-2.0,16093.0,clear sky,7.2
389,Kayerkan,RU,70,69.35,1497337,87.76,1024.07,-23.28,-23.28,-23.28,,scattered clouds,3.22
390,Kovdor,RU,78,67.56,543508,30.47,1002.34,-14.03,-14.03,-14.03,,broken clouds,1.17
391,Letlhakane,BW,84,-21.42,933535,25.59,910.02,19.45,19.45,19.45,,few clouds,5.57
392,Hwange,ZW,97,-18.35,889942,26.5,918.93,20.7,20.7,20.7,,light rain,2.02
393,Umarkot,PK,49,25.37,1162959,69.74,1025.94,29.2,29.2,29.2,,clear sky,2.07
394,Inuvik,CA,85,68.36,5983607,-133.71,1030.0,-11.0,-11.0,-11.0,24140.0,scattered clouds,3.6
395,Wenling,CN,71,28.38,1791464,121.38,1019.86,15.75,15.75,15.75,,clear sky,6.72
396,Kalianget,ID,85,-7.35,1621395,109.91,947.14,25.15,25.15,25.15,,moderate rain,1.12
397,Hudson Bay,CA,85,52.86,5978133,-102.4,980.7,-5.51,-5.51,-5.51,,overcast clouds,4.07
398,Pachino,IT,93,36.72,6539213,15.09,997.0,12.0,12.0,12.0,6000.0,broken clouds,5.7
399,Tsiroanomandidy,MG,91,-18.77,1054463,46.05,911.4,23.6,23.6,23.6,,scattered clouds,2.82
400,Karia,NG,61,11.73,2324767,11.16,975.51,14.62,14.62,14.62,,clear sky,1.57
401,Soure,PT,93,40.06,2733851,-8.63,993.0,9.0,9.0,9.0,8000.0,thunderstorm with rain,3.1
402,Colesberg,ZA,75,-30.72,1013076,25.1,879.54,16.35,16.35,16.35,,clear sky,1.87
403,Crowley,US,77,30.21,4321310,-92.37,1016.0,15.99,17.0,14.0,16093.0,clear sky,3.6
404,Puerto Ayacucho,CO,86,5.66,3629710,-67.63,997.08,24.07,24.07,24.07,,few clouds,1.07
405,Helong,CN,82,25.94,1808534,116.13,971.46,19.55,19.55,19.55,,broken clouds,1.92
406,Conde,BR,100,-11.81,3465713,-37.61,1016.45,23.87,23.87,23.87,,clear sky,3.12
407,Mongo,CF,92,4.83,240498,22.92,965.79,22.25,22.25,22.25,,few clouds,1.42
408,Nukus,UZ,66,42.46,601294,59.61,1006.0,13.0,13.0,13.0,10000.0,clear sky,8.2
409,Euclides da Cunha,BR,85,-10.51,3463698,-39.01,983.78,23.0,23.0,23.0,,clear sky,3.57
410,Rafsanjan,IR,25,30.4,118994,55.99,851.65,15.82,15.82,15.82,,scattered clouds,1.82
411,Adolfo Lopez Mateos,MX,54,26.8,3979962,-109.39,1003.8,14.75,14.75,14.75,,few clouds,1.27
412,Svobodnyy,RU,90,53.85,479426,40.53,988.81,-8.68,-8.68,-8.68,,broken clouds,4.32
413,Inhambane,MZ,93,-23.87,1045114,35.38,1021.15,26.55,26.55,26.55,,light rain,4.87
414,Assiniboia,CA,94,49.63,5887798,-105.99,939.93,-4.71,-4.71,-4.71,,overcast clouds,7.37
415,Poyarkovo,RU,42,49.62,2017705,128.65,1015.97,-10.76,-10.76,-10.76,,scattered clouds,4.92
416,Geraldton,CA,71,49.72,5960603,-86.95,1034.0,-14.0,-14.0,-14.0,24140.0,few clouds,2.6
417,Palana,RU,70,59.08,2122262,159.95,980.3,-4.13,-4.13,-4.13,,clear sky,2.97
418,Rockhampton,AU,46,-23.38,2151437,150.51,1007.0,32.0,32.0,32.0,10000.0,few clouds,3.6
419,Haines Junction,CA,63,60.75,5969025,-137.51,910.02,-20.86,-20.86,-20.86,,clear sky,0.87
420,Marzuq,YE,47,14.4,72181,46.47,867.38,19.37,19.37,19.37,,clear sky,1.62
421,Parrita,CR,68,9.52,3622537,-84.33,1015.0,20.0,20.0,20.0,10000.0,clear sky,7.2
422,Senno,RU,76,57.76,554873,27.95,1010.0,-20.0,-20.0,-20.0,,snow,1.0
423,Mirnyy,RU,89,56.57,502265,36.46,994.0,-11.66,-11.66,-11.66,,broken clouds,8.02
424,Victor Harbor,AU,33,-35.55,2059470,138.62,1020.0,23.0,23.0,23.0,10000.0,clear sky,7.2
425,Beira,ES,93,43.2,3119841,-8.36,988.0,5.47,6.0,5.0,10000.0,few clouds,3.6
426,Merauke,ID,87,-8.49,2082539,140.4,1017.99,30.47,30.47,30.47,,few clouds,4.32
427,Atar,MR,69,20.52,2381334,-13.05,996.91,13.45,13.45,13.45,,clear sky,2.17
428,Nelson Bay,AU,73,-32.72,2155562,152.14,1013.0,25.0,25.0,25.0,10000.0,broken clouds,6.7
429,Dungarpur,IN,39,23.85,1272201,73.71,992.78,29.37,29.37,29.37,,clear sky,2.77
430,Pilar do Sul,BR,95,-23.81,3453896,-47.72,944.71,20.05,20.05,20.05,,broken clouds,1.22
431,Aswan,EG,28,24.09,359792,32.9,1013.0,20.0,20.0,20.0,10000.0,clear sky,0.5
432,Biak,ID,100,-0.91,1637001,122.88,1005.83,25.97,25.97,25.97,,light rain,1.82
433,Watford,GB,93,51.66,2634677,-0.4,990.0,4.13,5.0,3.0,9000.0,light rain,4.6
434,Husavik,CA,92,50.56,5961417,-96.99,1002.75,0.8,0.8,0.8,,light rain,9.47
435,Sheboygan,US,64,43.75,5272893,-87.71,1027.0,1.75,2.0,1.0,16093.0,clear sky,4.6
436,Dothan,US,57,31.22,4059102,-85.39,1022.0,7.71,10.0,6.0,16093.0,clear sky,2.1
437,Bakong,CM,95,5.09,2234865,10.49,977.13,21.37,21.37,21.37,,light rain,1.12
438,Algodones,US,32,35.38,7839240,-106.48,1019.0,2.0,4.0,0.0,16093.0,scattered clouds,7.2
439,Martapura,ID,89,-3.41,1636022,114.85,1019.45,28.32,28.32,28.32,,moderate rain,2.62
440,Ovalle,CL,97,-30.6,3877918,-71.2,981.59,13.75,13.75,13.75,,clear sky,1.22
441,Athabasca,CA,78,54.72,5887916,-113.29,959.79,-10.41,-10.41,-10.41,,broken clouds,2.07
442,Puerto Montt,CL,100,-41.47,3874960,-72.94,1023.67,6.55,6.55,6.55,,clear sky,1.57
443,Alzamay,RU,55,55.55,1511709,98.67,995.78,-11.16,-11.16,-11.16,,clear sky,1.82
444,Kajaani,FI,83,64.22,654899,27.73,1014.0,-25.0,-25.0,-25.0,9000.0,light shower snow,1.97
445,Rambha,IN,47,19.52,1258714,85.09,1012.88,33.8,33.8,33.8,,clear sky,3.32
446,Barreirinhas,BR,89,-2.75,3406196,-42.83,1017.34,24.6,24.6,24.6,,broken clouds,2.52
447,Berdigestyakh,RU,59,62.1,2026861,126.7,998.86,-21.61,-21.61,-21.61,,broken clouds,2.67
448,Karasjok,NO,83,69.47,779350,25.52,1017.0,-25.0,-25.0,-25.0,10000.0,few clouds,1.17
449,Tahe,CN,32,52.34,2034615,124.71,969.03,-14.86,-14.86,-14.86,,clear sky,4.17
450,Kropotkin,RU,97,45.43,540761,40.58,1010.61,-4.61,-4.61,-4.61,,scattered clouds,6.12
451,Wynyard,CA,87,51.77,6185021,-104.18,959.71,-5.56,-5.56,-5.56,,overcast clouds,7.92
452,Vostok,RU,54,46.45,2013279,135.83,962.87,-11.31,-11.31,-11.31,,broken clouds,2.32
453,Adrar,DZ,27,27.87,2508813,-0.29,1009.0,12.0,12.0,12.0,7000.0,clear sky,4.1
454,Aden,YE,93,12.79,415189,45.03,1028.21,25.65,25.65,25.65,,clear sky,6.92
455,Pilar,AR,65,-34.46,3427208,-58.91,1008.0,25.34,26.0,25.0,10000.0,clear sky,2.07
456,Camocim,BR,96,-2.9,3403687,-40.84,1013.37,24.22,24.22,24.22,,scattered clouds,2.57
457,Krasnomayskiy,RU,84,55.0,1496421,82.52,1021.0,-14.0,-14.0,-14.0,10000.0,clear sky,3.0
458,Katangli,RU,91,51.71,2122783,143.23,1023.5,-11.56,-11.56,-11.56,,clear sky,5.97
459,Kinkala,CG,83,-4.35,2258984,14.75,1013.0,24.0,24.0,24.0,10000.0,few clouds,1.0
460,Miandoab,IR,54,36.97,124085,46.1,1012.0,12.0,12.0,12.0,8000.0,scattered clouds,4.1
461,Juneau,US,68,58.3,5554072,-134.42,1026.0,-5.11,-4.0,-6.0,16093.0,clear sky,1.32
462,Kuala Selangor,MY,63,3.34,1732891,101.25,1008.0,33.0,33.0,33.0,10000.0,broken clouds,3.6
463,Yamada,JP,93,36.58,1849876,137.08,1005.0,10.34,11.0,9.0,5000.0,light intensity shower rain,3.1
464,Sampit,ID,97,-2.54,1628884,112.95,1014.75,25.0,25.0,25.0,,light rain,3.52
465,Kimbe,PG,100,-5.56,2093967,150.15,1007.29,27.12,27.12,27.12,,broken clouds,2.67
466,Churu,IN,41,28.3,1273892,74.97,993.51,25.05,25.05,25.05,,clear sky,2.02
467,Chino Valley,US,46,34.76,5289658,-112.45,1021.0,-0.63,4.0,-4.0,16093.0,clear sky,2.17
468,Bereda,ES,93,43.27,3105522,-7.54,988.0,6.0,6.0,6.0,10000.0,few clouds,3.6
469,Andros Town,BS,45,24.73,3572906,-77.79,1017.0,20.0,20.0,20.0,10000.0,scattered clouds,4.6
470,Morristown,US,74,36.21,4642938,-83.29,1023.0,-0.54,0.0,-1.0,16093.0,clear sky,2.82
471,Wairoa,NZ,100,-39.04,6247603,177.43,1002.51,19.12,19.12,19.12,,light rain,1.62
472,Semey,KZ,87,50.41,1519422,80.25,1002.26,-6.76,-6.76,-6.76,,overcast clouds,4.27
473,Ambon,FR,87,47.55,3037899,-2.56,987.0,7.0,7.0,7.0,10000.0,light rain,5.7
474,Las Rosas,AR,82,-32.48,3847836,-61.58,1012.4,20.82,20.82,20.82,,light rain,6.32
475,Kontagora,NG,65,10.4,2334008,5.47,988.56,18.55,18.55,18.55,,clear sky,0.67
476,Ponoka,CA,76,52.68,6109273,-113.59,1021.0,-22.49,-22.0,-23.0,24140.0,clear sky,2.6
477,Red Deer,CA,76,52.27,6118158,-113.82,1021.0,-23.0,-23.0,-23.0,24140.0,clear sky,2.6
478,Shirokiy,RU,88,53.87,512255,39.17,986.38,-10.78,-10.78,-10.78,,overcast clouds,6.57
479,Kenai,US,92,60.55,5866063,-151.26,1030.0,-8.51,-8.0,-9.0,16093.0,clear sky,2.6
480,Asheboro,US,55,35.71,4453035,-79.81,1022.0,2.44,7.0,-2.0,16093.0,clear sky,3.67
481,The Pas,CA,66,53.82,6164499,-101.24,1026.0,-9.0,-9.0,-9.0,16093.0,light snow,4.6
482,Poso,ID,100,-1.4,1630723,120.75,986.78,26.45,26.45,26.45,,broken clouds,2.27
483,Awbari,LY,36,26.59,2219235,12.77,954.6,13.62,13.62,13.62,,clear sky,4.02
484,Mao,DO,93,19.55,3496831,-71.08,1012.0,19.01,20.0,18.0,10000.0,few clouds,2.6
485,Nichinan,JP,78,31.65,1855476,131.31,1005.0,20.14,23.0,18.0,10000.0,light intensity shower rain,7.7
486,Novobelokatay,RU,86,55.7,519027,58.96,976.57,-5.71,-5.71,-5.71,,overcast clouds,3.92
487,Alihe,CN,34,50.57,2038665,123.73,960.36,-12.86,-12.86,-12.86,,scattered clouds,3.67
488,Urengoy,RU,83,65.96,1488414,78.37,1024.31,-13.46,-13.46,-13.46,,broken clouds,3.57
489,Hanna,CA,45,51.64,5970234,-111.93,933.36,-19.26,-19.26,-19.26,,scattered clouds,1.67
490,Talara,PE,84,-4.58,3691582,-81.27,1008.67,21.47,21.47,21.47,,clear sky,1.17
491,Valparaiso,US,44,41.47,4927537,-87.06,1025.0,1.33,3.0,-1.0,16093.0,clear sky,4.6
492,Freeport,BS,100,26.54,3572375,-78.7,1029.83,20.95,20.95,20.95,,clear sky,7.52
493,Ranong,TH,49,9.96,1150965,98.62,1009.0,34.0,34.0,34.0,10000.0,few clouds,4.1
494,Palmer,AU,33,-34.85,2067070,139.16,1020.0,23.0,23.0,23.0,10000.0,clear sky,7.2
495,Gagra,GE,100,43.29,614580,40.27,1011.0,7.0,7.0,7.0,10000.0,overcast clouds,6.0
496,Arkadak,RU,87,51.94,581080,43.49,988.16,-10.63,-10.63,-10.63,,broken clouds,4.97
497,Japura,ID,84,-0.42,1642773,102.29,1011.59,27.3,27.3,27.3,,broken clouds,1.22
498,Dinguiraye,GN,46,11.29,2421903,-10.71,964.98,23.55,23.55,23.55,,broken clouds,1.82
499,Progreso,UY,77,-34.68,3440963,-56.22,1008.0,21.0,21.0,21.0,10000.0,clear sky,2.1
500,Solin,HR,93,43.54,3190359,16.49,1001.0,9.0,9.0,9.0,10000.0,broken clouds,1.5
501,Nipawin,CA,92,53.36,6088469,-104.02,1022.0,-10.0,-10.0,-10.0,2012.0,light snow,9.3
502,Roald,NO,73,62.58,3141667,6.12,1002.0,-5.43,-3.0,-7.0,10000.0,broken clouds,6.7
503,Karpogory,RU,61,64.0,552256,44.44,1015.32,-17.06,-17.06,-17.06,,clear sky,2.32
504,Yelan,RU,90,50.95,468063,43.74,993.51,-11.03,-11.03,-11.03,,broken clouds,4.32
505,Taybad,IR,91,34.74,1159384,60.78,906.77,13.87,13.87,13.87,,clear sky,2.07
506,Pistoia,IT,81,43.93,6541867,10.92,998.0,4.08,8.0,-3.0,10000.0,fog,1.5
507,Winton,AU,100,-22.38,2143350,143.04,995.37,23.0,23.0,23.0,,heavy intensity rain,3.52
508,Kondopoga,RU,77,62.21,545626,34.27,1013.0,-15.0,-15.0,-15.0,10000.0,clear sky,1.0
509,Gushi,CN,66,32.17,1809223,115.65,1035.66,12.25,12.25,12.25,,clear sky,5.92
510,Lazaro Cardenas,MX,25,28.39,3996234,-105.62,881.32,17.07,17.07,17.07,,clear sky,5.07
511,Khandagayty,MN,64,50.73,1503796,92.07,844.03,-11.51,-11.51,-11.51,,broken clouds,0.47
512,Sandwick,GB,100,54.57,2640416,-2.89,985.0,1.0,1.0,1.0,100.0,overcast clouds,4.1
513,Lusambo,CD,100,-4.97,210379,23.44,964.73,20.45,20.45,20.45,,light rain,1.52
514,Vernon,CA,85,50.27,6173864,-119.27,1023.0,-4.0,-4.0,-4.0,14484.0,broken clouds,1.5
515,Sinop,TR,75,42.03,739600,35.15,1015.0,6.0,6.0,6.0,10000.0,overcast clouds,2.6
516,Ericeira,PT,81,38.96,2268563,-9.42,994.0,12.99,14.0,11.0,10000.0,light intensity shower rain,7.2
517,Chippewa Falls,US,55,44.94,5248511,-91.39,1022.0,1.25,2.0,1.0,16093.0,overcast clouds,7.7
518,Taltal,CL,99,-25.41,3870243,-70.49,868.6,8.4,8.4,8.4,,clear sky,0.57
519,Araouane,ML,43,18.9,2460954,-3.53,991.64,17.85,17.85,17.85,,clear sky,3.12
520,Margate,AU,51,-43.03,2158744,147.26,1019.0,17.0,17.0,17.0,10000.0,overcast clouds,5.7
521,Moroto,UG,79,2.53,229112,34.66,877.76,20.7,20.7,20.7,,few clouds,1.67
522,Barahona,DO,100,18.21,3492985,-71.1,1022.37,21.87,21.87,21.87,,light rain,4.07
523,Antalaha,MG,78,-14.9,1071296,50.28,1006.32,29.25,29.25,29.25,,overcast clouds,5.32
524,Saiha,IN,33,22.49,1257771,92.98,942.85,30.05,30.05,30.05,,clear sky,1.02
525,Thunder Bay,CA,85,48.41,6166142,-89.26,1031.0,-4.0,-4.0,-4.0,24140.0,broken clouds,6.2
526,Makushino,RU,91,55.21,1500036,67.25,1012.72,-11.78,-11.78,-11.78,,scattered clouds,4.72
527,Saint-Prosper,CA,77,46.21,6137631,-70.48,980.22,-2.53,-2.53,-2.53,,overcast clouds,3.67
528,Lom Sak,TH,32,16.78,1609043,101.24,956.38,32.65,32.65,32.65,,clear sky,0.72
529,Garwa,IN,58,27.63,1277799,81.51,1013.61,23.2,23.2,23.2,,light rain,2.52
530,Dudinka,RU,73,69.41,1507116,86.18,1029.1,-21.26,-21.26,-21.26,,scattered clouds,2.87
531,Jining,CN,56,35.41,1805518,116.58,1038.34,8.97,8.97,8.97,,scattered clouds,4.77
532,Vorselaar,BE,86,51.2,2784371,4.77,993.0,3.62,5.0,3.0,10000.0,clear sky,3.6
533,Rocha,UY,93,-34.48,3440777,-54.34,1006.15,16.5,16.5,16.5,,clear sky,1.22
534,Miles City,US,78,46.41,5666176,-105.84,1014.0,-8.0,-8.0,-8.0,16093.0,broken clouds,11.3
535,Arawa,NG,86,7.05,2338403,3.9,1003.8,23.07,23.07,23.07,,clear sky,1.92
536,Kirakira,SB,100,-10.46,2178753,161.92,1014.67,28.9,28.9,28.9,,light rain,2.22
537,Port Macquarie,AU,69,-31.43,2152659,152.91,1012.0,26.0,26.0,26.0,10000.0,scattered clouds,5.1
538,Kysyl-Syr,RU,65,63.9,2021017,122.77,1011.75,-22.61,-22.61,-22.61,,broken clouds,1.92
539,Hosanagara,IN,38,13.92,1269946,75.07,973.49,32.62,32.62,32.62,,clear sky,1.52
540,Ambilobe,MG,99,-13.19,1082243,49.05,999.1,23.6,23.6,23.6,,moderate rain,4.67
541,Njombe,TZ,83,-9.34,151479,34.77,865.84,20.57,20.57,20.57,,few clouds,3.27
542,Ayan,TR,95,40.67,749747,33.6,875.57,2.9,2.9,2.9,,broken clouds,1.22
543,Viedma,AR,96,-40.81,3832899,-62.99,1026.1,11.37,11.37,11.37,,clear sky,2.52
544,Kenora,CA,64,49.76,5991055,-94.48,1021.0,0.4,1.0,0.0,16093.0,overcast clouds,4.1
545,Apodi,BR,86,-5.66,3407440,-37.8,1008.99,23.05,23.05,23.05,,clear sky,2.52
546,Prado,BR,95,-17.34,3452483,-39.22,1022.61,27.07,27.07,27.07,,few clouds,9.27
547,Ancud,CL,83,-41.87,3899695,-73.83,1030.23,6.45,6.45,6.45,,clear sky,1.22
548,Zavyalovo,RU,84,54.51,1505506,82.45,1021.0,-14.0,-14.0,-14.0,10000.0,clear sky,3.0
549,Chara,GR,87,39.42,262462,22.43,1005.0,13.0,13.0,13.0,5000.0,mist,6.7
550,Tougan,BF,28,13.07,2354176,-3.07,989.46,23.97,23.97,23.97,,clear sky,5.12
551,Changqing,CN,40,31.81,1808722,117.24,1025.0,11.0,11.0,11.0,10000.0,clear sky,6.0
552,Jeremoabo,BR,91,-10.08,3459922,-38.34,980.94,22.22,22.22,22.22,,clear sky,3.02
553,Royan,FR,81,45.62,2982343,-1.03,990.0,8.0,8.0,8.0,10000.0,clear sky,5.1
554,Pandan,PH,96,11.72,1695555,122.09,1021.88,27.82,27.82,27.82,,clear sky,7.92
555,Bogorodskoye,RU,41,52.37,2126638,140.44,1002.59,-12.36,-12.36,-12.36,,scattered clouds,3.02
556,Polunochnoye,RU,86,60.87,1494482,60.43,1001.37,-11.13,-11.13,-11.13,,broken clouds,2.22
557,Hope,CA,87,49.38,5976783,-121.43,1025.0,0.0,0.0,0.0,14484.0,overcast clouds,1.5
558,Yulara,AU,20,-25.24,6355222,130.99,1013.0,34.0,34.0,34.0,10000.0,scattered clouds,3.6
559,Yaan,NG,82,7.38,2338660,8.57,1005.91,23.55,23.55,23.55,,clear sky,5.42
560,Muhos,FI,83,64.81,645765,26.0,1015.0,-23.0,-23.0,-23.0,10000.0,clear sky,1.0
561,Maputo,MZ,96,-25.97,1040652,32.57,1018.48,24.65,24.65,24.65,,scattered clouds,2.12
562,Tres Arroyos,AR,97,-38.38,3833859,-60.28,1014.26,18.72,18.72,18.72,,light rain,6.57
563,Vetluga,RU,80,57.85,473910,45.78,992.86,-10.43,-10.43,-10.43,,broken clouds,2.92
564,Alice Springs,AU,18,-23.7,2077895,133.88,1012.0,33.0,33.0,33.0,10000.0,clear sky,7.7
565,Shalya,RU,85,57.25,495915,58.73,975.03,-6.78,-6.78,-6.78,,overcast clouds,3.47
566,Hokitika,NZ,99,-42.72,2206894,170.96,1012.64,18.45,18.45,18.45,,broken clouds,2.67
567,Guangyuan,CN,51,32.43,1806466,105.86,931.82,12.07,12.07,12.07,,overcast clouds,2.42
568,Russell,AR,53,-33.01,3844421,-68.8,1015.0,22.0,22.0,22.0,10000.0,scattered clouds,5.1
569,Ouesso,CG,98,1.61,2255564,16.05,984.11,21.65,21.65,21.65,,broken clouds,1.32
570,Charlestown,US,98,41.38,5221384,-71.64,1015.0,1.21,3.0,0.0,16093.0,light snow,5.1
571,Sechura,PE,87,-5.56,3691954,-80.82,1020.83,21.85,21.85,21.85,,clear sky,3.12
572,Wanning,AT,86,48.64,3220813,13.53,1002.0,-3.0,-3.0,-3.0,3300.0,mist,2.6
573,Monticello,US,80,45.31,5038045,-93.79,1016.0,2.18,4.0,0.0,16093.0,light rain,6.2
574,Lindi,TZ,85,-10.0,878281,39.71,999.43,26.4,26.4,26.4,,scattered clouds,2.22
575,Zhigalovo,RU,44,54.81,2012532,105.15,955.49,-13.88,-13.88,-13.88,,clear sky,1.42
576,Gawler,AU,33,-34.6,2071059,138.75,1020.0,23.0,23.0,23.0,10000.0,clear sky,7.2
577,Santa Maria,BR,88,-29.69,3450083,-53.81,984.35,17.8,17.8,17.8,,few clouds,0.72
578,Iskilip,TR,98,40.73,745076,34.47,894.45,3.5,3.5,3.5,,broken clouds,1.17
579,Marfino,RU,78,56.07,503977,37.56,997.0,-10.35,-10.0,-11.0,3800.0,snow,5.0
580,Bontang,ID,96,0.12,1648186,117.47,1018.96,29.07,29.07,29.07,,light rain,1.67
581,Orizona,BR,94,-17.03,3455786,-48.3,924.77,20.22,20.22,20.22,,light rain,1.32
582,Sharan,AF,36,33.15,1120879,68.78,771.73,9.32,9.32,9.32,,clear sky,1.67
583,Ruidoso,US,13,33.33,5488598,-105.67,1017.0,11.37,15.0,8.0,16093.0,clear sky,7.7
584,Carnot,CF,82,4.94,2387495,15.87,952.57,20.72,20.72,20.72,,few clouds,2.97
585,Buraydah,SA,82,26.33,107304,43.97,1016.0,20.0,20.0,20.0,10000.0,few clouds,3.6
586,Innisfail,CA,76,52.02,5983430,-113.95,1021.0,-23.0,-23.0,-23.0,24140.0,clear sky,2.6
587,Revda,RU,58,67.94,502010,34.55,988.32,-21.61,-21.61,-21.61,,clear sky,1.07
588,Laguna,MX,62,27.52,4013704,-110.01,1006.56,12.87,12.87,12.87,,clear sky,1.37
589,Upington,ZA,23,-28.46,945945,21.24,1013.0,24.0,24.0,24.0,10000.0,clear sky,0.77
590,Awjilah,LY,27,29.14,88533,21.3,1013.94,21.95,21.95,21.95,,few clouds,5.82
591,Kremenki,RU,92,54.51,569360,48.87,994.0,-3.0,-3.0,-3.0,8000.0,light snow,4.0
592,Kiruna,SE,84,67.86,605155,20.23,1013.0,-15.0,-15.0,-15.0,10000.0,light snow,1.17
593,Puerto Escondido,MX,99,15.86,3520994,-97.07,1025.45,26.97,26.97,26.97,,clear sky,4.52
594,Liverpool,GB,100,53.41,2644210,-2.98,986.0,2.54,3.0,2.0,8000.0,broken clouds,2.1
595,Villa Guerrero,MX,66,21.98,3980172,-103.59,831.39,11.07,11.07,11.07,,clear sky,0.87
596,Tazmalt,DZ,58,36.39,2477537,4.4,1001.0,14.0,14.0,14.0,10000.0,few clouds,2.6
597,Pingxiang,CN,87,27.63,1798654,113.85,993.51,12.87,12.87,12.87,,light rain,1.27
598,Ndago,UG,100,-0.97,226600,29.98,829.52,16.65,16.65,16.65,,scattered clouds,1.52
599,Bako,NG,67,9.68,2330100,6.4,989.21,17.0,17.0,17.0,,clear sky,1.17
600,Nikki,BJ,41,9.94,2392505,3.21,982.97,18.47,18.47,18.47,,clear sky,2.47
601,Prescott,US,46,34.54,5309842,-112.47,1021.0,-2.0,-2.0,-2.0,16093.0,clear sky,2.17
602,Dali,CN,41,25.6,1814093,100.24,785.75,19.7,19.7,19.7,,clear sky,2.07
603,Gizo,IL,45,31.8,6693679,34.94,1010.0,19.52,20.0,19.0,10000.0,clear sky,1.5
604,Mariental,DE,87,52.28,2873499,10.99,996.0,2.0,2.0,2.0,7000.0,broken clouds,3.1
605,Bulancak,TR,100,40.94,750317,38.23,930.28,5.22,5.22,5.22,,moderate rain,1.07
606,Maragogi,BR,100,-9.01,3395458,-35.22,1014.43,24.25,24.25,24.25,,light rain,1.67
607,Kaeo,NZ,86,-35.1,2189343,173.78,1007.94,22.07,22.07,22.07,,light rain,1.07
608,Verkhnyaya Inta,RU,68,65.99,1487332,60.32,1002.91,-16.76,-16.76,-16.76,,clear sky,1.22
609,Chapais,CA,85,49.78,5919850,-74.86,1027.0,-9.0,-9.0,-9.0,14484.0,overcast clouds,4.1
610,Wooster,US,79,40.8,5177358,-81.94,1027.0,-2.42,-1.0,-3.0,16093.0,clear sky,3.1
611,Broken Hill,AU,25,-31.97,2173911,141.45,997.56,26.95,26.95,26.95,,clear sky,7.92
612,Mithi,PK,40,24.74,1170219,69.8,1024.56,30.12,30.12,30.12,,clear sky,2.57
613,Acapulco,MX,94,16.86,3533462,-99.88,1012.0,25.0,25.0,25.0,9656.0,clear sky,1.5
614,Durazno,UY,85,-33.38,3442727,-56.52,1009.07,16.32,16.32,16.32,,clear sky,1.32
615,Kupang,ID,96,-10.16,2057087,123.6,1010.13,28.7,28.7,28.7,,light rain,3.12
616,Rudnogorsk,RU,67,57.27,2017378,103.75,989.94,-13.63,-13.63,-13.63,,scattered clouds,1.62
617,Belaya Gora,RU,66,68.54,2126785,146.19,1027.72,-25.78,-25.78,-25.78,,scattered clouds,1.77
618,Villamontes,BO,89,-21.26,3901547,-63.47,924.61,18.2,18.2,18.2,,clear sky,0.57
619,Pochutla,MX,100,15.74,3517970,-96.47,1015.4,25.57,25.57,25.57,,clear sky,3.92
620,Kargil,PK,90,34.56,1267776,76.13,622.01,-9.96,-9.96,-9.96,,few clouds,0.72
621,Duluth,US,51,46.77,5024719,-92.13,1023.0,1.32,2.0,1.0,16093.0,overcast clouds,3.6
622,Carutapera,BR,89,-1.2,3402648,-46.02,1021.4,26.2,26.2,26.2,,broken clouds,2.72
623,Okakarara,NA,87,-20.59,3354876,17.46,865.68,17.12,17.12,17.12,,broken clouds,3.77
624,Victoria,BN,74,5.28,1733782,115.24,1007.0,31.56,32.0,31.0,10000.0,broken clouds,2.1
625,Pachperwa,IN,49,27.52,1260954,82.65,1001.13,24.37,24.37,24.37,,scattered clouds,1.97
626,Linhares,BR,77,-19.38,3458498,-40.06,1009.23,25.6,25.6,25.6,,broken clouds,4.32
627,Polillo,PH,41,15.46,1697473,120.92,1012.0,34.0,34.0,34.0,10000.0,scattered clouds,3.6
628,Eufaula,US,81,31.89,4060954,-85.15,1021.0,7.25,9.0,5.0,9656.0,haze,1.32
629,Fuerte Olimpo,BR,82,-21.04,3438102,-57.87,1004.37,26.05,26.05,26.05,,clear sky,2.67
630,Ustye,RU,77,58.76,561679,27.79,1021.23,-15.03,-15.03,-15.03,,scattered clouds,2.77
631,Dickinson,US,92,46.88,5688789,-102.79,1006.0,-1.0,-1.0,-1.0,14484.0,overcast clouds,8.2
632,Palmas de Monte Alto,BR,77,-14.26,3455447,-43.16,959.3,20.6,20.6,20.6,,clear sky,2.52
633,Paredon,BO,100,-18.93,3903987,-65.16,707.93,9.97,9.97,9.97,,light rain,0.67
634,Pokhara,NP,59,28.21,1282898,83.99,850.6,16.62,16.62,16.62,,light rain,0.72
635,Kalofer,BG,100,42.61,730744,24.97,1011.0,2.0,2.0,2.0,350.0,fog,2.6
636,Sydney,AU,78,-33.85,2147714,151.22,1014.0,22.0,22.0,22.0,10000.0,broken clouds,6.7
637,Newport,GB,86,51.59,2641598,-3.0,987.0,4.7,5.0,4.0,10000.0,light rain,4.6
638,Bainbridge,US,80,30.9,4180775,-84.58,1021.0,6.33,8.0,4.0,16093.0,scattered clouds,1.27
639,Popondetta,PG,93,-8.77,2088163,148.24,935.63,23.4,23.4,23.4,,moderate rain,0.42
640,Caravelas,BR,100,-17.73,3466980,-39.27,1022.61,27.25,27.25,27.25,,scattered clouds,10.07
641,Kuntaur,GM,47,13.67,2412778,-14.89,1019.69,25.2,25.2,25.2,,scattered clouds,1.62
642,Hualmay,PE,83,-11.1,3939761,-77.61,985.24,19.15,19.15,19.15,,scattered clouds,1.67
643,Abengourou,CI,94,6.73,2293549,-3.5,1004.29,20.6,20.6,20.6,,clear sky,1.57
644,Reinosa,ES,50,43.0,3112075,-4.14,988.0,12.0,12.0,12.0,10000.0,clear sky,5.1
645,Gamba,CN,72,28.28,1281256,88.52,559.68,-4.31,-4.31,-4.31,,few clouds,1.87
646,Tambacounda,SN,37,13.77,2244991,-13.67,1017.67,28.45,28.45,28.45,,overcast clouds,1.22
647,Ocean City,US,71,30.44,4166723,-86.61,1021.0,12.66,15.0,11.0,16093.0,broken clouds,3.22
648,Honiara,SB,94,-9.43,2108502,159.96,1005.0,26.0,26.0,26.0,10000.0,light thunderstorm,3.1
649,Zunyi,CN,79,27.73,1783621,106.92,918.53,12.57,12.57,12.57,,light rain,3.87
650,Seoul,KR,46,37.57,1835848,126.98,1019.0,9.18,10.0,9.0,10000.0,few clouds,4.6
651,Salemi,IT,87,37.82,2523557,12.8,995.0,13.53,14.0,13.0,10000.0,scattered clouds,10.8
652,Orvault,FR,100,47.27,2989170,-1.62,988.0,6.33,7.0,6.0,10000.0,light intensity drizzle rain,4.6
653,Cabra,ES,93,37.47,2520645,-4.43,1000.0,8.96,10.0,8.0,10000.0,light rain,2.6
654,Sao Miguel,BR,92,4.52,3627382,-61.01,922.34,17.12,17.12,17.12,,few clouds,1.17
655,Waipawa,NZ,67,-39.94,2185329,176.59,992.13,21.8,21.8,21.8,,scattered clouds,3.72
656,Shimoda,JP,88,34.7,1852357,138.93,1006.0,16.25,18.0,15.0,3000.0,shower rain,13.9
657,Date,JP,63,42.53,2130421,140.93,1015.0,-2.0,-2.0,-2.0,10000.0,broken clouds,4.6
658,Sagua la Grande,CU,82,22.81,3541440,-80.07,1017.0,16.0,16.0,16.0,9000.0,scattered clouds,0.5
659,Danshui,CN,71,22.81,1813812,114.46,1016.21,26.12,26.12,26.12,,few clouds,2.52
660,Boca do Acre,BR,96,-8.76,3664956,-67.39,1003.15,23.55,23.55,23.55,,few clouds,0.92
661,Lasa,CY,67,34.92,146639,32.53,1010.0,15.56,16.0,15.0,2000.0,dust,0.5
662,Luanda,AO,83,-8.83,2240449,13.24,1010.0,24.0,24.0,24.0,10000.0,broken clouds,2.1
663,Pitimbu,BR,96,-7.47,3391889,-34.81,1020.5,26.8,26.8,26.8,,overcast clouds,3.97
664,Mayumba,GA,100,-3.44,2399001,10.65,1013.78,25.45,25.45,25.45,,broken clouds,0.82
665,Mackay,CA,83,53.65,5921525,-115.58,1020.0,-17.66,-16.0,-21.0,14484.0,clear sky,1.0
666,Springdale,US,66,36.19,4132093,-94.13,1012.0,12.0,13.0,11.0,16093.0,overcast clouds,4.6
667,Thessalon,CA,41,46.26,6164831,-83.55,1032.0,-5.0,-5.0,-5.0,16093.0,clear sky,2.1
668,Wasilla,US,100,61.58,5877641,-149.44,1029.0,-7.99,-7.0,-9.0,402.0,fog,1.17
669,Lola,GN,98,7.8,2418092,-8.53,958.0,19.9,19.9,19.9,,light rain,1.82
670,Antofagasta,CL,68,-23.65,3899539,-70.4,1014.0,18.0,18.0,18.0,10000.0,broken clouds,1.0
671,Miranda do Corvo,PT,93,40.09,2737641,-8.33,993.0,9.0,9.0,9.0,8000.0,thunderstorm with rain,3.1
672,Itarema,BR,94,-2.92,3393692,-39.92,1016.05,25.15,25.15,25.15,,broken clouds,2.32
673,Gobabis,NA,82,-22.45,3357247,18.97,1019.0,20.0,20.0,20.0,,broken clouds,1.5
674,Longjiang,CN,75,47.33,2035970,123.18,1011.02,-9.28,-9.28,-9.28,,clear sky,6.12
675,Koekelare,BE,93,51.09,2794195,2.98,992.0,1.69,2.0,1.0,10000.0,mist,3.6
676,Correntina,BR,83,-13.34,3465373,-44.63,948.44,20.57,20.57,20.57,,clear sky,2.62
677,Madison,US,69,43.07,5261457,-89.38,1024.0,1.5,2.0,1.0,16093.0,few clouds,4.6
678,Quatis,BR,98,-22.41,3452148,-44.26,901.18,18.8,18.8,18.8,,light rain,0.62
679,Maxixe,MZ,93,-23.86,1039536,35.35,1021.15,26.55,26.55,26.55,,light rain,4.87
680,Cotonou,BJ,83,6.37,2394819,2.43,1009.0,27.0,27.0,27.0,10000.0,scattered clouds,4.1
681,Ankang,CN,100,32.73,1789065,108.99,933.44,5.1,5.1,5.1,,light rain,1.07
682,Karlstadt,DE,86,49.96,2892786,9.77,999.0,2.19,3.0,1.0,10000.0,few clouds,1.22
683,Goundam,ML,46,16.42,2456917,-3.66,991.32,21.62,21.62,21.62,,clear sky,4.17
684,Chegdomyn,RU,44,51.13,2025579,133.04,945.36,-13.96,-13.96,-13.96,,scattered clouds,3.17
685,Taree,AU,69,-31.91,2147381,152.46,1012.0,26.0,26.0,26.0,10000.0,scattered clouds,5.1
686,College,US,92,64.86,5859699,-147.8,1029.0,-14.77,-12.0,-19.0,16093.0,broken clouds,3.1
687,Mountain Home,US,100,43.13,5601615,-115.69,1024.0,-1.86,-1.0,-3.0,16093.0,clear sky,1.32
688,Provost,CA,83,52.35,6113828,-110.26,951.2,-8.16,-8.16,-8.16,,overcast clouds,2.12
689,Ola,RU,61,59.58,2122574,151.3,1001.0,-10.0,-10.0,-10.0,10000.0,light snow,4.0
690,Francistown,BW,94,-21.17,933778,27.5,1017.0,20.0,20.0,20.0,10000.0,scattered clouds,2.1
691,San Pedro,AR,68,-33.68,3428576,-59.66,1021.23,21.6,21.6,21.6,,scattered clouds,0.42
692,Isla Vista,US,70,34.41,5359864,-119.86,1022.0,7.03,10.0,4.0,16093.0,clear sky,5.77
693,Isakly,RU,95,54.13,556111,51.53,989.29,-1.93,-1.93,-1.93,,overcast clouds,5.72
694,Tashla,RU,100,53.71,867006,49.75,994.0,-1.0,-1.0,-1.0,10000.0,broken clouds,6.0
695,Hami,CN,52,42.84,1529484,93.51,950.79,11.07,11.07,11.07,,clear sky,2.02
696,Morant Bay,JM,60,17.88,3489440,-76.41,1012.0,23.0,23.0,23.0,10000.0,few clouds,6.2
697,Bakchar,RU,70,57.02,1511057,82.07,1023.26,-11.26,-11.26,-11.26,,clear sky,1.62
698,Huilong,CN,99,28.89,1795424,110.18,977.78,7.05,7.05,7.05,,light rain,3.32
699,Moose Factory,CA,92,51.26,6078372,-80.61,1040.0,-14.0,-14.0,-14.0,14484.0,light snow,1.5
700,Kungurtug,RU,52,50.6,1501377,97.53,807.23,-6.61,-6.61,-6.61,,few clouds,1.32
701,Wonthaggi,AU,67,-38.6,2154826,145.59,1022.37,17.25,17.25,17.25,,broken clouds,2.22
702,Tecpan,GT,77,14.76,3588476,-90.99,1025.0,15.0,15.0,15.0,10000.0,clear sky,5.1
703,Straumen,NO,72,63.87,3135728,11.3,1006.0,-7.94,-7.0,-9.0,10000.0,scattered clouds,4.1
704,Spitsevka,RU,86,45.12,489671,42.5,1007.0,-3.0,-3.0,-3.0,10000.0,scattered clouds,8.0
705,Treinta y Tres,UY,94,-33.23,3439781,-54.39,1003.64,19.4,19.4,19.4,,broken clouds,1.67
706,Taft,PH,89,11.9,1684659,125.42,1013.94,28.65,28.65,28.65,,broken clouds,5.12
707,Havelock,US,74,34.88,4470244,-76.9,1021.0,1.95,4.0,-1.0,16093.0,clear sky,6.17
708,Hondo,US,88,29.35,4698562,-99.14,1013.0,21.83,23.0,21.0,16093.0,overcast clouds,4.92
709,Rio Claro,BR,96,-22.41,3451234,-47.56,949.41,19.22,19.22,19.22,,few clouds,1.12
710,Ilo,PE,99,-17.65,3938415,-71.34,957.68,14.97,14.97,14.97,,scattered clouds,0.67
711,Patiya,BD,62,22.3,1185148,91.98,1011.0,30.0,30.0,30.0,4000.0,haze,3.42
712,Mareeba,AU,70,-16.99,2158767,145.42,1005.0,31.0,31.0,31.0,10000.0,few clouds,6.2
713,Monrovia,LR,98,6.33,2274895,-10.8,1013.13,21.65,21.65,21.65,,clear sky,1.92
714,Te Anau,NZ,70,-45.41,2181625,167.72,959.71,16.65,16.65,16.65,,scattered clouds,2.22
715,Collierville,US,66,35.04,4614748,-89.66,1018.0,10.99,13.0,9.0,11265.0,light rain,1.47
716,Mingrelskaya,RU,74,45.01,583785,38.34,1013.0,-2.0,-2.0,-2.0,10000.0,few clouds,4.0
717,Ayagoz,KZ,96,47.96,1525988,80.43,946.01,-3.01,-3.01,-3.01,,broken clouds,4.77
718,George Town,MY,74,5.42,1735106,100.33,1008.0,32.02,33.0,31.0,10000.0,broken clouds,4.1
719,Port-Cartier,CA,91,50.03,6111696,-66.88,1028.0,0.0,0.0,0.0,24140.0,overcast clouds,2.6
720,Perpignan,FR,87,42.7,2987914,2.88,993.0,8.0,8.0,8.0,10000.0,overcast clouds,4.27
721,Nahariyya,IL,63,33.01,294117,35.09,1009.0,17.52,18.0,17.0,10000.0,clear sky,2.1
722,Naze,NG,94,5.43,2337542,7.07,1010.0,23.0,23.0,23.0,8000.0,scattered clouds,3.67
723,Kamina,CD,100,-8.74,214614,25.0,921.53,18.87,18.87,18.87,,light rain,1.97
724,Salinas,US,81,36.67,5391295,-121.66,1026.0,6.25,7.0,6.0,16093.0,clear sky,1.67
725,Lima,PE,86,-12.06,3936456,-77.04,876.86,14.22,14.22,14.22,,scattered clouds,0.72
726,Minnedosa,CA,98,50.25,6074882,-99.84,1012.0,0.0,0.0,0.0,3219.0,light snow,10.3
727,Banepa,NP,23,27.63,1283679,85.52,1018.0,23.0,23.0,23.0,8000.0,few clouds,6.2
728,Zhuzhou,CN,71,27.84,1783763,113.15,1022.0,11.0,11.0,11.0,10000.0,overcast clouds,8.0
729,Peniche,PT,81,39.36,2264923,-9.38,994.0,9.64,11.0,9.0,10000.0,thunderstorm with rain,7.2
730,Ardakan,IR,19,32.31,143073,54.02,1018.0,16.0,16.0,16.0,10000.0,clear sky,1.0
731,Salina,US,71,36.29,4550364,-95.15,1011.0,12.21,13.0,11.0,16093.0,overcast clouds,7.2
732,Nishihara,JP,88,35.74,1850144,139.53,1004.0,16.86,18.0,16.0,4000.0,shower rain,7.2
733,Ventanas,CL,87,-32.74,3868621,-71.48,1012.0,13.0,13.0,13.0,10000.0,clear sky,1.32
734,Mildura,AU,38,-34.18,2157698,142.16,1023.02,24.37,24.37,24.37,,clear sky,6.62
735,Queimadas,BR,96,-7.36,3391040,-35.9,972.6,21.8,21.8,21.8,,light rain,1.67
736,Kyshtovka,RU,90,56.56,1501000,76.62,1022.29,-13.38,-13.38,-13.38,,scattered clouds,2.07
737,Yinchuan,CN,29,38.48,1786657,106.21,890.32,10.6,10.6,10.6,,scattered clouds,2.02
738,Erzin,TR,93,36.95,296852,36.2,1011.0,12.52,14.0,11.0,7000.0,broken clouds,1.22
739,Canete,IT,92,46.33,3178829,9.49,998.0,1.09,4.0,-5.0,10000.0,fog,0.5
740,Port Augusta,AU,43,-32.49,2063056,137.76,1019.0,23.0,23.0,23.0,10000.0,clear sky,9.8
741,Borba,PT,81,38.81,2270755,-7.46,995.0,11.0,11.0,11.0,10000.0,scattered clouds,8.2
742,Makokou,GA,97,0.56,2399371,12.85,978.67,21.82,21.82,21.82,,broken clouds,1.07
743,Alekseyevsk,RU,52,57.84,2022083,108.35,986.94,-15.46,-15.46,-15.46,,scattered clouds,2.47
744,Santa Marta,CO,100,11.24,3668605,-74.21,1020.99,24.8,24.8,24.8,,clear sky,7.92
745,La Grande,US,82,45.32,5735537,-118.09,1024.0,-1.71,0.0,-3.0,16093.0,overcast clouds,2.1
746,Governador Valadares,BR,98,-18.85,3462315,-41.95,977.13,21.75,21.75,21.75,,light rain,1.32
747,Jaciara,BR,83,-15.95,3460355,-54.98,975.27,24.3,24.3,24.3,,few clouds,1.17
748,Mandera,ET,93,3.94,187896,41.86,1000.48,24.0,24.0,24.0,,broken clouds,1.42
749,Posadas,PY,94,-27.37,3429886,-55.89,1010.0,23.0,23.0,23.0,10000.0,overcast clouds,1.0
750,Neyshabur,IR,80,36.21,122285,58.79,873.3,12.65,12.65,12.65,,clear sky,1.62
751,Ternate,PH,49,14.29,1682474,120.72,1010.0,33.0,33.0,33.0,10000.0,few clouds,6.7
752,Ierapetra,GR,28,35.01,261814,25.74,1001.0,23.0,23.0,23.0,10000.0,clear sky,9.3
753,Tommot,RU,47,58.97,2015179,126.27,958.0,-19.61,-19.61,-19.61,,scattered clouds,3.57
754,Nuuk,GL,92,64.17,3421319,-51.74,1029.0,-6.0,-6.0,-6.0,,scattered clouds,4.6
755,Vardo,US,39,39.62,4372777,-77.74,1023.0,-0.32,1.0,-1.0,16093.0,clear sky,4.1
756,Cortez,US,30,37.35,5418104,-108.58,1021.0,-2.0,-2.0,-2.0,16093.0,clear sky,4.6
757,Abha,SA,55,18.22,110690,42.5,1024.0,18.0,18.0,18.0,10000.0,scattered clouds,5.7
758,Tandalti,SD,29,13.01,366426,31.87,976.24,24.35,24.35,24.35,,clear sky,2.22
759,Georgiyevka,RU,87,52.25,565857,40.45,989.7,-8.28,-8.28,-8.28,,broken clouds,5.87
760,Jiexiu,CN,79,37.02,1805833,111.92,918.77,8.95,8.95,8.95,,broken clouds,1.57
761,Oxbow,CA,92,49.23,6095751,-102.17,1008.0,-1.0,-1.0,-1.0,2414.0,light snow,4.1
762,Smithers,CA,72,54.78,6149996,-127.17,1022.0,-9.0,-9.0,-9.0,14484.0,overcast clouds,0.87
763,Bismarck,US,100,46.81,5688025,-100.78,1006.0,1.0,1.0,1.0,2414.0,mist,2.12
764,Simpang,MY,59,4.82,1734586,100.71,1008.0,33.0,33.0,33.0,10000.0,broken clouds,1.5
765,Natitingou,BJ,64,10.31,2392601,1.38,1013.0,24.0,24.0,24.0,10000.0,clear sky,3.6
766,Khanpur,PK,76,28.65,1174167,70.66,1018.48,24.22,24.22,24.22,,clear sky,2.02
767,Gloversville,US,69,43.05,5118743,-74.34,1020.0,-0.51,0.0,-1.0,16093.0,overcast clouds,5.1
768,Purranque,CL,93,-40.91,3874579,-73.16,1024.0,8.0,8.0,8.0,10000.0,broken clouds,2.02
769,Massakory,TD,38,13.0,2428228,15.73,989.62,17.47,17.47,17.47,,clear sky,2.27
770,Chihuahua,MX,29,28.66,4014338,-106.08,843.3,8.97,8.97,8.97,,clear sky,2.72
771,Tucupita,VE,88,9.06,3625929,-62.05,1021.88,25.25,25.25,25.25,,few clouds,3.27
772,Vinukonda,IN,24,16.05,1253150,79.74,1011.91,35.65,35.65,35.65,,clear sky,3.42
773,Sibolga,ID,94,1.74,1213855,98.78,942.68,23.75,23.75,23.75,,light rain,1.27
774,Brusque,BR,100,-27.1,3468879,-48.91,982.89,20.22,20.22,20.22,,light rain,1.32
775,Williston,US,97,48.15,5692947,-103.62,1007.0,-1.09,0.0,-2.0,16093.0,mist,2.6
776,Buenaventura,CO,99,3.89,3688451,-77.07,937.17,20.4,20.4,20.4,,light rain,0.07
777,Nagato,JP,71,34.35,1899102,131.14,1009.0,9.66,11.0,8.0,10000.0,light intensity shower rain,6.7
778,Kharitonovo,RU,80,61.4,550574,47.5,999.1,-12.16,-12.16,-12.16,,broken clouds,5.22
779,Kokkola,FI,84,63.84,651951,23.13,1013.0,-14.0,-14.0,-14.0,10000.0,broken clouds,1.5
780,Bazarnyye Mataki,RU,94,54.9,578467,49.93,995.54,-3.01,-3.01,-3.01,,overcast clouds,3.97
781,Teguldet,RU,62,57.31,1489822,88.17,1018.32,-11.03,-11.03,-11.03,,few clouds,2.57
782,Jinhua,CN,94,29.11,1805528,119.65,1009.72,9.55,9.55,9.55,,light rain,2.22
783,Dreznica,RS,93,42.4,784227,21.89,1007.0,2.0,2.0,2.0,6000.0,overcast clouds,1.12
784,Takaka,NZ,80,-40.86,2181997,172.81,993.27,21.15,21.15,21.15,,clear sky,1.62
785,Serchhip,IN,45,23.31,1256812,92.85,926.8,27.55,27.55,27.55,,clear sky,1.07
786,Mangrol,IN,51,25.33,1263751,76.51,989.94,26.5,26.5,26.5,,clear sky,2.02
787,Riyadh,SA,32,24.63,108410,46.72,1018.0,21.0,21.0,21.0,7000.0,drizzle,3.1
788,Sinegorye,RU,64,62.09,2121197,150.53,905.72,-21.21,-21.21,-21.21,,broken clouds,1.22
789,Abalak,NE,56,15.46,2448245,6.28,969.84,15.65,15.65,15.65,,clear sky,1.52
790,Kathu,ZA,52,-27.7,991664,23.05,894.37,21.45,21.45,21.45,,clear sky,4.02
791,Fort Nelson,CA,78,58.81,5955902,-122.69,1022.0,-11.0,-11.0,-11.0,24140.0,broken clouds,2.22
792,Seda,LV,69,57.65,455786,25.75,1015.56,-18.51,-18.51,-18.51,,scattered clouds,1.32
793,Tiznit,MA,98,29.7,2527089,-9.73,1010.21,14.25,14.25,14.25,,light rain,2.97
794,Potsdam,DE,74,52.4,2852458,13.06,998.0,-1.0,-1.0,-1.0,8000.0,broken clouds,3.1
795,Gat,SN,52,14.69,2249901,-16.54,1021.64,22.15,22.15,22.15,,clear sky,6.37
796,Yanji,CN,61,42.89,2033467,129.5,975.51,-6.18,-6.18,-6.18,,clear sky,4.47
797,Beisfjord,NO,52,68.38,3144987,17.6,1014.0,-8.0,-8.0,-8.0,10000.0,clear sky,1.0
798,Kamaishi,JP,97,39.28,2112444,141.86,1009.0,1.0,1.0,1.0,5000.0,shower rain,7.2
799,Champerico,MX,89,16.38,3530097,-93.6,943.58,16.8,16.8,16.8,,clear sky,0.87
800,Ellisras,ZA,79,-23.67,1005768,27.74,930.44,21.6,21.6,21.6,,scattered clouds,2.07
801,Chumphon,TH,70,10.5,1153557,99.18,1010.0,31.0,31.0,31.0,10000.0,few clouds,3.1
802,Canmore,CA,76,51.09,5914894,-115.35,1018.0,-23.0,-23.0,-23.0,9656.0,haze,4.1
803,Pimentel,BR,97,-3.7,3389609,-45.5,1015.15,23.8,23.8,23.8,,light rain,0.87
804,Itapora,BR,95,-22.08,3464460,-54.79,983.86,22.12,22.12,22.12,,clear sky,2.32
805,Trelew,AR,45,-43.25,3833883,-65.31,1018.56,11.0,11.0,11.0,,clear sky,4.47
806,Babu,CN,55,23.23,1801374,104.89,878.0,24.22,24.22,24.22,,clear sky,1.52
807,Kiama,AU,100,-34.67,2161515,150.86,1016.0,18.0,18.0,18.0,5000.0,light intensity drizzle,5.1
808,Borogontsy,RU,48,62.67,2026160,131.17,1006.8,-22.53,-22.53,-22.53,,broken clouds,2.42
809,Siparia,TT,94,10.14,3573681,-61.51,1010.0,25.0,25.0,25.0,10000.0,few clouds,4.77
810,Cardoso,BR,92,-20.08,3466970,-49.91,968.79,22.8,22.8,22.8,,clear sky,1.12
811,Miramar,CR,68,10.09,3622854,-84.73,1015.0,20.0,20.0,20.0,10000.0,clear sky,7.2
812,Beamsville,CA,57,43.17,5895710,-79.48,1027.0,-4.0,-3.0,-5.0,24140.0,clear sky,3.6
813,Avera,US,48,33.19,4231997,-82.53,1023.0,4.22,8.0,1.0,16093.0,haze,1.57
814,Amuntai,ID,93,-2.42,1651461,115.25,1018.07,24.9,24.9,24.9,,light rain,0.87
815,Aleksandrov Gay,RU,97,50.14,583345,48.57,1007.45,-1.13,-1.13,-1.13,,overcast clouds,4.37
816,Tooele,US,92,40.53,5783695,-112.3,1024.0,-0.67,2.0,-2.0,16093.0,overcast clouds,1.5
817,Uusikaupunki,FI,84,60.8,633221,21.41,1011.0,-15.0,-15.0,-15.0,10000.0,clear sky,3.1
818,Kabwe,ZM,100,-14.44,916095,28.44,896.89,18.15,18.15,18.15,,broken clouds,1.97
819,Maumere,ID,100,-8.63,1635815,122.22,1011.34,29.05,29.05,29.05,,light rain,1.72
820,Pune,IN,31,18.52,1259229,73.85,951.2,30.35,30.35,30.35,,clear sky,1.97
821,Ghanzi,BW,78,-21.7,933644,21.65,896.24,21.1,21.1,21.1,,overcast clouds,2.87
822,Sabang,PH,92,13.72,1691355,123.58,1014.51,27.8,27.8,27.8,,light rain,2.02
823,Ojinaga,US,21,29.56,3994469,-104.41,907.34,13.4,13.4,13.4,,clear sky,2.17
824,Serpneve,UA,75,46.3,694427,29.02,1014.26,-11.16,-11.16,-11.16,,clear sky,1.22
825,Kihei,US,83,20.76,5849297,-156.45,1015.0,20.38,22.0,19.0,16093.0,few clouds,7.7
826,Rio Branco,BR,94,-9.98,3662574,-67.82,1010.0,24.0,24.0,24.0,10000.0,clear sky,1.5
827,Kuragino,RU,82,53.89,1501356,92.68,986.94,-12.71,-12.71,-12.71,,scattered clouds,1.52
828,Olinda,EC,88,-2.03,3650121,-79.75,1010.0,25.0,25.0,25.0,10000.0,broken clouds,1.0
829,Cabinda,AO,83,-5.56,2243271,12.19,1011.0,25.0,25.0,25.0,10000.0,scattered clouds,1.57
830,Kovacica,RS,86,45.11,789178,20.62,1006.0,-0.63,2.0,-2.0,5000.0,mist,3.6
831,Taksimo,RU,33,56.36,2015701,114.84,909.77,-19.31,-19.31,-19.31,,scattered clouds,1.52
832,Piterka,RU,96,50.68,509269,47.44,1005.26,-3.56,-3.56,-3.56,,overcast clouds,4.77
833,Tornio,FI,85,61.12,637314,27.27,1011.0,-15.25,-12.0,-18.0,10000.0,light shower snow,3.6
834,Panipat,IN,96,29.39,1260476,76.98,1002.26,21.2,21.2,21.2,,clear sky,1.87
835,Bay Roberts,CA,100,47.58,5895424,-53.28,1015.0,-1.0,-1.0,-1.0,9656.0,mist,9.8
836,Bannur,IN,47,12.33,1277255,76.86,1017.0,27.0,27.0,27.0,6000.0,clear sky,1.5
837,La Romana,DO,77,18.43,3500957,-68.97,1011.0,21.0,21.0,21.0,10000.0,broken clouds,2.1
838,Manta,RO,92,45.1,685981,24.1,972.11,-3.88,-3.88,-3.88,,overcast clouds,1.82
839,Vossevangen,NO,62,60.63,3131329,6.42,1000.0,-7.0,-7.0,-7.0,10000.0,clear sky,3.6
840,Cadillac,US,63,44.25,4987617,-85.4,1029.0,-1.59,2.0,-6.0,16093.0,overcast clouds,3.6
841,Pedernales,EC,97,0.07,3653307,-80.05,993.91,19.47,19.47,19.47,,scattered clouds,1.32
842,Malanville,NE,26,11.86,2392837,3.39,998.21,22.9,22.9,22.9,,clear sky,4.62
843,Heihe,RU,32,50.24,2036973,127.51,1019.0,-12.0,-12.0,-12.0,10000.0,scattered clouds,5.0
844,Kerava,FI,83,60.4,653185,25.12,1011.0,-20.0,-20.0,-20.0,10000.0,clear sky,3.6
845,Primorsk,RU,90,60.37,505269,28.62,1023.5,-11.43,-11.43,-11.43,,scattered clouds,2.67
846,Japaratuba,BR,88,-10.59,3460136,-36.94,1010.0,26.0,26.0,26.0,10000.0,few clouds,1.5
847,Mandan,US,100,46.83,5690366,-100.89,1006.0,2.0,2.0,2.0,2414.0,mist,2.6
848,Halifax,CA,92,44.65,6324729,-63.58,1012.0,-1.0,-1.0,-1.0,24140.0,scattered clouds,7.2
849,Kurumkan,RU,47,54.33,2021188,110.32,886.35,-20.36,-20.36,-20.36,,scattered clouds,1.12
850,Geraldton,CA,71,49.72,5960603,-86.95,1034.0,-14.0,-14.0,-14.0,24140.0,few clouds,2.6
851,Xichang,CN,25,27.88,1789647,102.25,770.84,19.75,19.75,19.75,,few clouds,0.97
852,Pishin,PK,50,30.58,1167821,67.0,816.55,13.22,13.22,13.22,,clear sky,2.07
853,Nampula,MZ,94,-15.12,1033356,39.26,1010.0,24.0,24.0,24.0,10000.0,broken clouds,2.07
854,Sorgun,TR,95,39.81,300352,35.19,885.37,4.6,4.6,4.6,,scattered clouds,2.62
855,Bemidji,US,59,47.48,5017822,-94.89,1017.0,0.3,1.0,0.0,16093.0,light snow,8.2
856,Altamont,CA,96,49.4,6065191,-98.5,1014.0,0.0,0.0,0.0,6437.0,light snow,8.2
857,Lyuban,BY,55,52.8,625721,28.0,1008.83,-15.96,-15.96,-15.96,,clear sky,1.32
858,Laramie,US,52,41.31,5830062,-105.59,1011.0,-4.5,-3.0,-8.0,16093.0,clear sky,11.3
859,Litovko,RU,45,49.24,2020738,135.18,1015.32,-8.31,-8.31,-8.31,,scattered clouds,4.07
860,Miri,NG,54,10.31,2347470,9.75,949.17,13.65,13.65,13.65,,clear sky,1.07
861,Daytona Beach,US,93,29.21,4152872,-81.02,1021.0,9.23,11.0,7.0,16093.0,clear sky,2.1
862,Volot,RU,80,57.93,472328,30.71,1019.45,-14.13,-14.13,-14.13,,scattered clouds,1.97
863,Suzhou,CN,58,33.65,1793743,116.96,1036.23,11.7,11.7,11.7,,clear sky,5.52
864,Manbij,SY,81,36.53,167357,37.96,1012.0,9.0,9.0,9.0,10000.0,clear sky,1.0
865,Yurty,RU,67,56.05,1485680,97.64,993.27,-12.31,-12.31,-12.31,,clear sky,2.07
866,Yunyang,CN,100,32.84,1785661,110.81,986.05,5.7,5.7,5.7,,light rain,2.22
867,Brabova,RO,79,44.37,683979,23.43,1011.0,-2.0,-2.0,-2.0,7000.0,overcast clouds,5.1
868,Kharovsk,RU,77,59.95,550512,40.21,997.4,-13.93,-13.93,-13.93,,broken clouds,7.22
869,Enumclaw,US,100,47.2,5793822,-121.99,1026.0,3.25,4.0,2.0,16093.0,broken clouds,1.32
870,Pacifica,US,66,37.61,5380420,-122.49,1027.0,6.49,9.0,3.0,16093.0,few clouds,2.57
871,Bucerias,MX,88,20.76,4016734,-105.33,1014.0,20.0,20.0,20.0,19312.0,clear sky,2.27
872,Borovoy,RU,80,63.23,572091,52.89,995.13,-13.26,-13.26,-13.26,,broken clouds,4.12
873,Yashkul,RU,100,46.17,468747,45.34,1017.83,3.4,3.4,3.4,,light rain,8.62
874,Manjacaze,MZ,79,-24.71,1040938,33.88,1020.02,27.3,27.3,27.3,,few clouds,2.67
875,Sergeyevka,KZ,95,53.88,1519385,67.42,1011.75,-11.41,-11.41,-11.41,,broken clouds,3.62
876,Mwinilunga,ZM,89,-11.73,902620,24.43,873.95,18.0,18.0,18.0,,clear sky,1.97
877,Lipetsk,RU,88,52.6,535121,39.59,988.97,-8.41,-8.41,-8.41,,broken clouds,5.37
878,Cravo Norte,CO,72,6.3,3685702,-70.2,1008.67,26.1,26.1,26.1,,few clouds,1.47
879,Saint-Georges,CA,75,46.12,6295855,-70.67,990.43,-1.91,-1.91,-1.91,,overcast clouds,2.87
880,Grants,US,31,35.15,5469841,-107.85,1021.0,0.0,0.0,0.0,16093.0,overcast clouds,6.7
881,New Amsterdam,GY,93,6.25,3376762,-57.52,1021.48,24.72,24.72,24.72,,broken clouds,2.32
882,Bonaventure,CA,86,48.04,6943825,-65.49,1023.0,-1.0,-1.0,-1.0,24140.0,broken clouds,5.1
883,Labuhan,ID,94,-2.54,1641899,115.51,997.4,24.25,24.25,24.25,,moderate rain,1.22
884,Nizhnevartovsk,RU,85,60.93,1497543,76.58,1018.0,-11.0,-11.0,-11.0,10000.0,clear sky,5.0
885,Jaynagar,IN,28,26.59,1269093,86.14,1018.32,28.57,28.57,28.57,,overcast clouds,6.32
886,Luwuk,ID,100,-0.95,1637001,122.79,1005.83,25.97,25.97,25.97,,light rain,1.82
887,Coswig,DE,74,51.13,2939820,13.58,999.0,-1.0,-1.0,-1.0,7000.0,broken clouds,6.2
888,Mangoso,PH,82,11.42,1701750,122.64,996.51,27.8,27.8,27.8,,clear sky,2.62
889,Narrabri,AU,86,-30.33,2155742,149.78,983.54,23.72,23.72,23.72,,light rain,3.07
890,Sarkand,KZ,99,45.41,1519691,79.91,952.09,0.8,0.8,0.8,,broken clouds,1.72
891,Mayo,CA,83,63.59,6068416,-135.9,1028.0,-20.0,-20.0,-20.0,32186.0,clear sky,1.12
892,Atyrau,KZ,100,47.1,610529,51.92,1004.0,-1.0,-1.0,-1.0,5000.0,mist,1.0
893,Mata,CU,82,22.63,3564114,-79.93,1017.0,16.0,16.0,16.0,9000.0,scattered clouds,0.5
894,Mercedes,UY,71,-33.25,3441684,-58.03,1018.96,20.97,20.97,20.97,,few clouds,2.12
895,Changping,CN,22,40.22,2038154,116.23,1029.0,8.0,8.0,8.0,10000.0,clear sky,5.0
896,Muroto,JP,88,33.37,1856392,134.14,1004.0,19.0,19.0,19.0,4000.0,mist,2.1
897,Meadow Lake,CA,82,54.13,6071421,-108.44,969.03,-8.51,-8.51,-8.51,,broken clouds,2.57
898,Dobson,US,26,36.4,4463810,-80.72,1022.0,3.3,7.0,1.0,16093.0,clear sky,5.7
899,Vryburg,ZA,76,-26.96,942511,24.73,887.64,19.0,19.0,19.0,,clear sky,1.17
900,Zhizdra,RU,85,53.75,462914,34.74,1001.0,-12.0,-12.0,-12.0,10000.0,clear sky,4.0
901,Khandbari,NP,75,27.38,1283217,87.21,695.13,2.65,2.65,2.65,,broken clouds,0.27
902,Waingapu,ID,100,-9.65,1622318,120.26,986.05,26.4,26.4,26.4,,moderate rain,1.27
903,Kaoma,ZM,95,-14.8,913323,24.8,896.07,19.1,19.1,19.1,,scattered clouds,3.32
904,Morros,BR,88,-2.87,3398381,-44.04,1009.0,26.0,26.0,26.0,10000.0,few clouds,1.5
905,Linares,CL,74,-35.85,3883167,-71.6,942.85,7.97,7.97,7.97,,clear sky,0.87
906,Davidson,US,69,35.5,4463053,-80.85,1022.0,3.01,8.0,-1.0,16093.0,clear sky,4.07
907,Bhikhi,IN,80,30.11,1257402,75.7,1003.4,21.7,21.7,21.7,,clear sky,2.42
908,Kastamonu,TR,100,41.38,743882,33.78,1010.0,3.0,3.0,3.0,8000.0,broken clouds,3.1
909,Najran,SA,30,17.54,103630,44.22,1020.0,21.0,21.0,21.0,10000.0,clear sky,1.62
910,Miyako,JP,81,33.63,1848087,130.94,1012.0,10.5,12.0,10.0,7000.0,light intensity shower rain,7.7
911,High Rock,BS,100,26.63,3572189,-78.28,1029.5,20.95,20.95,20.95,,broken clouds,8.37
912,Gurupi,BR,90,-11.73,3461724,-49.07,980.62,22.7,22.7,22.7,,clear sky,1.32
913,Jiangyou,CN,37,31.78,1885823,104.73,950.55,15.45,15.45,15.45,,overcast clouds,3.22
914,Rovaniemi,FI,84,66.5,638936,25.72,1014.0,-14.0,-14.0,-14.0,10000.0,clear sky,3.1
915,Vila,IT,93,45.18,3164565,8.4,1001.0,2.26,4.0,1.0,1000.0,mist,1.0
916,Jiuquan,CN,79,39.73,1280957,98.49,789.08,3.2,3.2,3.2,,few clouds,1.47
917,Mandalgovi,MN,93,45.76,2030065,106.27,873.7,-1.36,-1.36,-1.36,,clear sky,1.42
918,Bonga,ET,64,7.26,341742,36.25,836.09,18.55,18.55,18.55,,few clouds,1.17
919,Orsha,BY,77,54.51,624079,30.43,1007.0,-13.98,-13.0,-15.0,10000.0,clear sky,4.0
920,Severnoye,RU,91,54.09,496381,52.54,985.4,-3.18,-3.18,-3.18,,overcast clouds,5.82
921,Laurel,US,92,45.67,5661766,-108.77,1017.0,-8.0,-8.0,-8.0,2414.0,light snow,3.6
922,Voznesenye,RU,83,61.02,471160,35.48,1019.45,-14.61,-14.61,-14.61,,broken clouds,5.67
923,Guozhen,CN,93,29.3,1927639,113.14,1022.61,9.37,9.37,9.37,,overcast clouds,6.62
924,Raudeberg,NO,63,61.99,3146487,5.14,1002.0,-4.34,-2.0,-7.0,10000.0,clear sky,3.6
925,Durant,US,82,33.99,4535414,-96.37,1012.0,13.51,15.0,12.0,16093.0,overcast clouds,2.6
926,Soto la Marina,MX,80,23.77,3516522,-98.21,1009.96,22.25,22.25,22.25,,few clouds,5.12
927,Soyo,AO,89,-6.13,2236967,12.37,1018.48,24.32,24.32,24.32,,overcast clouds,1.07
928,Kuopio,FI,84,62.89,650225,27.68,1014.0,-18.0,-18.0,-18.0,10000.0,clear sky,1.97
929,Piritiba,BR,69,-11.73,3453494,-40.56,954.11,22.3,22.3,22.3,,clear sky,2.87
930,Usinsk,RU,71,66.0,863061,57.56,1010.86,-17.13,-17.13,-17.13,,scattered clouds,1.97
931,Yarmouth,GB,93,50.71,2633414,-1.5,989.0,4.2,5.0,4.0,10000.0,fog,0.5
932,Luena,AO,82,-11.78,3347719,19.91,877.76,16.9,16.9,16.9,,broken clouds,2.57
933,Armidale,AU,100,-30.51,2177671,151.67,922.74,17.35,17.35,17.35,,moderate rain,1.52
934,Kortkeros,RU,84,61.81,544397,51.56,1003.0,-13.0,-13.0,-13.0,4000.0,light snow,4.0
935,Clifton,AU,61,-27.93,2147577,151.91,1011.0,28.0,28.0,28.0,10000.0,shower rain,1.5
936,Katete,UG,94,-0.78,227592,29.75,874.84,17.47,17.47,17.47,,overcast clouds,1.92
937,Santa Rosa,AR,31,-36.62,3835994,-64.29,1008.1,22.8,22.8,22.8,,clear sky,8.27
938,Glendive,US,85,47.11,5654391,-104.71,1010.0,-6.0,-6.0,-6.0,16093.0,overcast clouds,12.9
939,Khuzdar,PK,34,27.8,7082481,66.62,879.62,20.07,20.07,20.07,,clear sky,1.32
940,Derbent,RU,66,42.06,566532,48.29,929.55,8.65,8.65,8.65,,broken clouds,1.72
941,Katherine,AU,55,-14.47,2068655,132.26,1003.0,33.0,33.0,33.0,10000.0,scattered clouds,2.1
942,Zhangjiakou,CN,75,40.77,2033196,114.88,907.67,3.2,3.2,3.2,,clear sky,2.67
943,Asmar,AF,65,35.03,1148205,71.36,876.13,13.0,13.0,13.0,,clear sky,0.72
944,Eureka,US,86,40.8,5563397,-124.16,1028.0,4.5,5.0,4.0,16093.0,clear sky,2.1
945,Razdolinsk,RU,64,58.42,1493756,94.62,1011.91,-12.78,-12.78,-12.78,,clear sky,1.42
946,Boa Vista,BR,78,2.82,3664980,-60.67,1010.0,27.0,27.0,27.0,10000.0,few clouds,1.5
947,Snellville,US,65,33.86,4223413,-84.02,1020.0,8.14,11.0,5.0,16093.0,clear sky,2.97
948,El Silencio,CO,94,3.1,3685871,-76.19,1015.0,21.0,21.0,21.0,10000.0,scattered clouds,2.1
949,Fairbanks,US,92,64.84,5861897,-147.72,1029.0,-14.76,-12.0,-19.0,16093.0,broken clouds,3.1
950,Storforshei,NO,52,66.4,3145614,14.52,1012.0,-8.0,-8.0,-8.0,10000.0,scattered clouds,5.1
951,Sabancuy,MX,89,18.97,3520161,-91.18,1026.18,27.5,27.5,27.5,,clear sky,4.02
952,Goulburn,AU,93,-34.75,2164837,149.72,967.89,17.45,17.45,17.45,,light rain,2.72
953,Manitouwadge,CA,80,49.12,6065253,-85.84,1006.4,-12.13,-12.13,-12.13,,clear sky,2.37
954,Zhenhai,CN,81,29.95,1799397,121.71,1021.0,9.0,9.0,9.0,10000.0,overcast clouds,7.0
955,Jinka,ET,84,5.79,333750,36.57,861.62,19.62,19.62,19.62,,scattered clouds,1.07
956,Abnub,EG,32,27.27,362973,31.15,1013.0,19.0,19.0,19.0,10000.0,clear sky,1.0
957,Pimenta Bueno,BR,94,-11.68,3924908,-61.19,989.94,23.65,23.65,23.65,,few clouds,0.92
958,Ballina,IE,100,54.11,2966778,-9.15,986.13,-0.38,-0.38,-0.38,,few clouds,1.52
959,Qinzhou,CN,56,21.96,1797551,108.62,1012.88,31.8,31.8,31.8,,clear sky,6.77
960,Chornukhy,UA,88,50.27,710669,32.94,1004.94,-6.91,-6.91,-6.91,,broken clouds,6.92
961,Kharp,RU,84,66.82,1503726,65.8,1011.34,-16.21,-16.21,-16.21,,broken clouds,3.37
962,Gari,RU,78,59.43,1506676,62.35,1007.86,-9.81,-9.81,-9.81,,broken clouds,3.32
963,Abu Dhabi,AE,68,24.47,292968,54.37,1016.0,18.47,19.0,18.0,8000.0,clear sky,2.1
964,Haapsalu,EE,85,58.95,592225,23.55,1011.0,-9.0,-9.0,-9.0,10000.0,broken clouds,3.1
965,Gao,ML,45,16.28,2457163,-0.04,991.73,20.85,20.85,20.85,,clear sky,3.42
966,Eldorado,MX,74,24.32,4007812,-107.36,1019.86,16.45,16.45,16.45,,clear sky,1.77
967,Gamboula,CF,88,4.12,2386756,15.14,956.38,20.0,20.0,20.0,,clear sky,2.67
968,Arequipa,PE,87,-16.4,3947322,-71.54,1024.0,12.0,12.0,12.0,10000.0,scattered clouds,1.42
969,North Augusta,CA,79,44.76,6113027,-75.74,1024.0,-2.69,-2.0,-3.0,16093.0,light snow,5.1
970,Bumba,CD,93,2.18,217745,22.47,976.24,22.6,22.6,22.6,,broken clouds,1.17
971,Biltine,TD,33,14.53,244878,20.93,954.28,19.8,19.8,19.8,,clear sky,3.92
972,Isiolo,KE,88,0.35,196231,37.58,918.53,22.0,22.0,22.0,,scattered clouds,1.87
973,Longyan,CN,65,25.1,1802276,117.03,947.06,24.75,24.75,24.75,,clear sky,1.17
974,Sharlyk,RU,94,52.93,495670,54.74,986.54,-4.11,-4.11,-4.11,,overcast clouds,5.57
975,Council Bluffs,US,76,41.26,4852832,-95.86,1005.0,10.72,12.0,10.0,16093.0,overcast clouds,9.3
976,General Roca,AR,81,-39.03,3855065,-67.58,1020.0,12.0,12.0,12.0,10000.0,clear sky,3.02
977,General Salgado,BR,91,-20.65,3462487,-50.36,969.92,22.62,22.62,22.62,,few clouds,1.22
978,Amahai,ID,100,-3.31,1651591,129.0,1019.37,29.47,29.47,29.47,,scattered clouds,2.97
979,Pingliang,CN,94,35.54,1798760,106.68,860.73,4.05,4.05,4.05,,overcast clouds,1.92
980,Bourbonnais,US,64,41.16,4885342,-87.88,1024.0,2.13,3.0,1.0,16093.0,overcast clouds,7.7
981,Arkhara,RU,40,49.42,2027487,130.09,1016.94,-10.06,-10.06,-10.06,,few clouds,4.37
982,Little Current,CA,67,45.98,6055388,-81.93,1032.0,-7.0,-7.0,-7.0,14484.0,clear sky,3.6
983,Mahon,IE,100,51.89,2965139,-8.4,983.0,2.0,2.0,2.0,3000.0,mist,2.1
984,Springbok,ZA,28,-29.67,3361142,17.88,1015.0,21.0,21.0,21.0,10000.0,clear sky,3.1
985,Mul,IN,39,20.07,1262574,79.68,1003.4,31.75,31.75,31.75,,broken clouds,5.27
986,Jamestown,AU,63,-33.21,2069194,138.6,973.97,19.5,19.5,19.5,,clear sky,5.67
987,Lala,PH,49,7.97,1707944,123.75,1003.15,32.95,32.95,32.95,,few clouds,1.72
988,Ramsar,IR,63,36.92,9874,50.64,1002.0,18.0,18.0,18.0,10000.0,broken clouds,4.1
989,Madanapalle,IN,20,13.56,1264621,78.5,961.33,33.15,33.15,33.15,,clear sky,3.37
990,Tlazazalca,MX,88,19.97,3981455,-102.06,794.18,8.65,8.65,8.65,,clear sky,0.97
991,Xochistlahuaca,MX,91,16.79,3514440,-98.24,962.62,16.5,16.5,16.5,,clear sky,1.17
992,Porterville,US,86,36.07,5384471,-119.02,1026.0,6.44,8.0,4.0,16093.0,clear sky,3.1
993,Kerouane,GN,72,12.23,2417886,-12.34,969.19,21.5,21.5,21.5,,scattered clouds,1.07
994,Kassala,SD,23,15.45,372753,36.38,951.68,24.75,24.75,24.75,,clear sky,1.92
995,Bage,NG,49,10.95,2329562,11.38,982.24,15.22,15.22,15.22,,clear sky,1.47
996,Boyolangu,ID,85,-8.09,1648082,111.9,978.27,27.55,27.55,27.55,,light rain,1.42
997,Magdagachi,RU,37,53.45,2020591,125.8,991.24,-13.53,-13.53,-13.53,,clear sky,3.97
998,Samoded,RU,66,63.61,499025,40.52,1018.32,-16.18,-16.18,-16.18,,scattered clouds,2.32
999,Cerrito,CO,100,6.84,3686907,-72.7,1016.0,19.0,19.0,19.0,10000.0,scattered clouds,1.5
1000,Opuwo,NA,87,-18.06,3354077,13.84,882.05,17.15,17.15,17.15,,few clouds,0.32
